"123 Photo Viewer",False,"photo",emulation,"Compatible","2023.11.15.0",https://apps.microsoft.com/store/detail/123-photos-view-edit-convert/9WZDNCRDXFXG,123PhotoViewer.svg,
"1Password",False,"security",emulation,"Compatible","8.10.27",https://apps.microsoft.com/detail/xp99c9g0krdz27,,
"4K Video Downloader",False,"utils-tools",emulation,"Compatible","1.3",https://www.4kdownload.com/-smqgy/video-downloader,4kVideoDownloaderPlus.svg,
"5K Player",False,"entertainment",emulation,"Compatible","6.9.0.0",https://www.5kplayer.com/5kplayer-download-windows.htm,5KPlayer.svg,
"7zip",False,"utils-tools",native,"Compatible","23.01",https://www.7-zip.org/,7zip.svg,
"8 Zip",False,"utils-tools",native,"Compatible","1.4.45.0",https://apps.microsoft.com/detail/9wzdncrfjb33,8zip.svg,
"ABBYY Fine Reader",False,"utils-tools",emulation,"Compatible","16.0.14.7295",https://pdf.abbyy.com/finereader/15/geting-started/?display,,
"Ableton",False,"audio , creative",no,"Unsupported",,https://www.ableton.com/,AbletonLive.png,
"ACDsee Pro",False,"prod",emulation,"Compatible","17.0.2.2652",https://www.acdsee.com/en/product/install,,
"ACDsee Ultimate",False,"security",emulation,"Compatible","17.0.2.3593",https://apps.microsoft.com/detail/9p2wrqz104s1,,
"ACG Player",False,"utils-tools",emulation,"Compatible","1.15.17606.0",https://apps.microsoft.com/detail/9nblggh698c7,,
"Ad-Aware Free antivirus+",False,"anti-virus",emulation,"Compatible","1.8.4.283",https://www.adaware.com/free-antivirus-download,,
"AdBlock",False,"utils-tools",native,"Compatible","nan",https://getadblock.com/en/,,
"Adblock Plus",False,"utils-tools",native,"Compatible","nan",https://adblockplus.org/download,,
"AdGuard",False,"creative",emulation,"Compatible","7.15.1(4386)",https://adguard.com/en/download.html,,
"AdGuard VPN",False,"vpn",emulation,"Compatible","2.2.1271.0",https://adguard-vpn.com/en/welcome.html,,
"Adobe Acrobat Pro",False,"prod",emulation,"Compatible","23.003.20284",https://www.adobe.com/acrobat/free-trial-download.html,AdobeAcrobat.svg,
"Adobe Acrobat Reader",False,"prod",emulation,"Compatible","2023.006.20320",https://get.adobe.com/reader/,AdobeAcrobat.svg,
"Adobe After Effects",False,"creative",no,"Unsupported",,https://www.adobe.com/products/aftereffects.html,AdobeAfterEffects.svg,
"Adobe-air",False,"dev-tools",emulation,"Compatible","50.2.4",https://blog.adobe.com/en/publish/2019/05/30/the-future-of-adobe-air,AdobeAIR.svg,
"Adobe Audition",False,"creative",no,"Unsupported",,https://www.adobe.com/products/audition.html,AdobeAudition.svg,
"Adobe Creative Cloud",False,"creative",native,"Compatible","6.3.0.207",https://www.adobe.com/creativecloud.html,AdobeCC.svg,
"Adobe Digital Editions",False,"books",emulation,"Compatible","4.5.12.112",https://www.adobe.com/in/solutions/ebook/digital-editions/download.html,AdobeDigitalEditions.svg,
"Adobe Express",False,"photo",native,"Compatible","2.1.1.0",https://apps.microsoft.com/detail/9p94lh3q1cp5,AdobeExpress.png,
"Adobe Illustrator",False,"creative",emulation,"Compatible","28.7 beta",https://community.adobe.com/t5/illustrator-discussions/illustrator-beta-now-live-on-windows-for-arm-devices/td-p/14776027,AdobeIllustrator.svg,
Adobe InDesign,False,"creative",emulation,"Compatible","19.5 Beta",https://helpx.adobe.com/indesign/kb/windows-arm-support.html,AdobeInDesign.svg,
"Adobe Photoshop Lightroom",False,"creative",native,"Compatible","6.5",https://www.adobe.com/products/photoshop-lightroom/free-trial-download.html,AdobePhotoshopLightroom.svg,
"Adobe Media Encoder",False,"multimedia",emulation,"Compatible",,https://www.adobe.com/products/media-encoder.html,AdobeMediaEncoder.svg,Premiere Pro and Media Encoder currently don't leverage all hardware capabilities on ARM-based Windows machines for video decoding and encoding.Libraries are not available in the Essential Graphic panel.ProRes RAW support isn't available.
"Adobe Photoshop",True,"creative",native,"Compatible","25.5.0.375",https://www.adobe.com/products/photoshop.html,AdobePhotoshop.svg,
"Adobe Photoshop Elements",False,"photo",emulation,"Compatible","24",https://apps.microsoft.com/detail/9nh55bf6lr3t,AdobePhotoshopElements.avif,
"Adobe Photoshop Express",False,"creative",emulation,"Compatible","3.12.430",https://apps.microsoft.com/detail/9wzdncrfj27n,AdobePhotoshopExpress.svg,
"Adobe Premiere Pro",True,"creative",emulation,"Compatible","23.6.8",https://www.adobe.com/products/premiere/free-trial-download.html,AdobePremierePro.svg,
"Advanced IP Scanner",False,"utils-tools",emulation,"Compatible","2.5.4594.1",https://www.advanced-ip-scanner.com/,,
"Advanced SystemCare",False,"utils-tools",emulation,"Compatible","17",https://www.iobit.com/en/advancedsystemcarefree.php,,
"AdwCleaner",False,"security",emulation,"Compatible","8.4.2.0",https://www.malwarebytes.com/adwcleaner,,App opens in .exe
"Affinity Designer 2",False,"creative",native,"Compatible","2.5.0.2471",https://apps.microsoft.com/detail/9n2d0p16c80h,AffinityDesignerV2.svg,
"Affinity Photo 2",False,"creative",native,"Compatible","2.5.0",https://apps.microsoft.com/detail/9p8dvf1xw02v,AffinityPhotoV2.svg,
"Affinity Publisher 2",False,"creative",native,"Compatible","2.5.0.2471",https://apps.microsoft.com/detail/9ntv2dz11kd9,AffinityPublisherV2.svg,
"AgroPilot",False,"dev-mgmt",emulation,"Compatible","7.5.7.0",https://apps.microsoft.com/detail/9nzm8csdfs1r,,
"AIDA64 Extreme",False,"utils-tools",emulation,"Compatible","7.20.",https://www.aida64.com/downloads,,
"AIMP",False,"entertainment",emulation,"Compatible","4.6",https://apps.microsoft.com/detail/9pclllh15smt,,
"AirServer Universal",False,"enterprise",emulation,"Compatible","2021.2.23(dd863c6c)",https://apps.microsoft.com/detail/9nblggh52639,,
"Algoriddim djay Pro",False,"music",native,"Compatible","5.2.9923.0",https://www.microsoft.com/store/productId/9P9RB7ZF49XK,Algoriddim_djayPro.png,
"All Video Player HD",False,"photo",emulation,"Compatible","2.3.0.0",https://apps.microsoft.com/store/detail/all-video-player-hd/9NVQ1XKBD62B,,
"ALSee",False,"photo",emulation,"Compatible","6.22.0.0",https://altools.co.kr/product/ALSEE,,
"Alzip",False,"utils-tools",emulation,"Compatible","11.7.0.2",https://apps.microsoft.com/store/detail/alzip/9WZDNCRDCT3Q,,
"Amazon Kindle",False,"books",emulation,"Compatible","2.3.1.70682",https://www.amazon.com/b?ie=UTF8&node=16571048011,,
"Amazon Music",False,"entertainment",emulation,"Compatible","9.4.3.2420a",https://www.microsoft.com/store/productId/9NMS233VM4Z9,AmazonMusic.png,
"Amazon Prime Video",True,"entertainment",native,"Compatible","1.0.148.0",https://apps.microsoft.com/detail/9p6rc76msmmj,AmazonPrimeVideo.png,
"Ambie White Noise",False,"health",native,"Compatible","4.3.0.0",https://apps.microsoft.com/detail/9p07xnm5chp0?hl=en-in&gl=IN,,
"American Airlines",False,"travel",native,"Compatible","1.1.0.2",https://apps.microsoft.com/detail/9wzdncrdcp85,,
"AMR Player",False,"audio",emulation,"Compatible","1.3",https://amrplayer.com/,,
"Anaconda",False,"dev-tools",emulation,"Compatible","2.5.2",https://www.anaconda.com/,,
"Android Studio",False,"dev-tools",emulation,"Compatible","2022.3.1.18",https://developer.android.com/studio,,
"Anghami",False,"photo",emulation,"Compatible","2.4.0",https://www.anghami.com/download,,
"Animotica - Movie Maker",False,"photo",emulation,"Compatible","4.60.2175.0",https://apps.microsoft.com/store/detail/animotica-movie-maker/9NBLGGH6FW5V,,
"Anki",False,"education",emulation,"Compatible","23.12.1",https://apps.ankiweb.net/,,
"Anydesk",False,"remote-desktop",emulation,"Compatible","V8.0.3",https://anydesk.com/en,,
"Any Player - Video, DVD",False,"entertainment",emulation,"Compatible","3.2.36",https://apps.microsoft.com/store/detail/any-dvd-free-dvd-player/9N1ZNFMT0ZF5,,
"Any Video Converter",False,"utils-tools",emulation,"Compatible","8.2.3",https://www.any-video-converter.com/download-avc-free.html,,
"Anyword",False,"utils-tools",native,"Compatible","nan",https://go.anyword.com/dashboard?fpr=sajid63,,
"Apache",False,"dev-tools",emulation,"Compatible","2.4.57",https://www.apachelounge.com/download/,,
"Apple iCloud",False,"prod",emulation,"Compatible","14.2",https://apps.microsoft.com/detail/9pktq5699m62,,
"Apple iTunes",False,"entertainment",emulation,"Compatible","12.12.10.1",https://www.apple.com/itunes/,AppleiTunes.png,
"APPX Installer Tool",False,"dev-tools",native,"Compatible","1.20.2308.8001",https://aka.ms/getwinget,,
"ArcGIS ArcMap",False,"engineering",emulation,"Compatible","3.1.41833",https://www.esri.com/en-us/arcgis/products/arcgis-pro/overview,,
"Ares",False,"dev-tools",emulation,"Compatible","24.2.3136",https://www.graebert.com/us/cad-software/ares-commander/,,
"ASUS webstorage client",False,"it",emulation,"Compatible","6.17.1",https://personal.asuswebstorage.com/download/?lang=en,,
"Asus WebStorage Sync Agent",False,"prod",emulation,"Compatible","2.9.3.798",https://asuscloudsupport.asuswebstorage.com/hc/en-us/articles/7296882702361-Download-and-install-the-ASUS-WebStorage-desktop-application-on-your-computer,,
"aTube Catcher",False,"utils-tools",emulation,"Compatible","3.8.9991",https://www.atube.me/,,
"Audacity",False,"entertainment",emulation,"Compatible","3.3.3",https://www.audacityteam.org/download/windows/,,
"Audacity Portable",False,"creative",emulation,"Compatible","3.3.3.0",https://manual.audacityteam.org/man/portable_audacity.html,,
"Audiobooks from Audible",False,"entertainment",native,"Compatible","nan",https://www.audible.com/,,
"Auslogics Disk Defrag",False,"utils-tools",emulation,"Compatible","11.0.0.4",https://www.auslogics.com/en/software/disk-defrag/,,
"AutoCAD - DWG Viewer & Editor",False,"cad",emulation,"Compatible","9.15.1.0",https://apps.microsoft.com/detail/9wzdncrfjctk,,
"AutoClick",False,"dev-tools",emulation,"Compatible","3",https://sourceforge.net/projects/orphamielautoclicker/files/latest/download,,
"Autodesk App Manager",False,"utils-tools",native,"Compatible","3.5.4",https://apps.autodesk.com/ACD/en/Detail/Index?id=8410250632962132687&autostart=true,,
"AutoDesk AutoCAD",False,"cad",emulation,"Compatible","61.0.0",https://www.autodesk.com/products/autocad/free-trial,,
"Autodesk AutoCAD Architecture",False,"cad",emulation,"Compatible","8.6.52.0",https://www.autodesk.in/,,
"Autodesk AutoCAD Civil 3D",False,"cad",emulation,"Compatible","13.6.342.0",https://www.autodesk.in/products/civil-3d/trial-intake,,
"Autodesk AutoCAD LT",False,"multimedia",emulation,"Compatible","U.63.0.0",https://www.autodesk.com/products/autocad-lt/free-trial,,
"Autodesk AutoCAD Map 3D",False,"cad",emulation,"Compatible","27.0.37.4",https://www.autodesk.in/products/autocad/overview?panel=buy&mktvar002=afc_in_nmpi_ppc&AID=13084956&PID=8206971&gclid=2c87e020dfba120ba61185d9fa310aa4&gclsrc=3p.ds&ds_rl=1232386&ds_rl=1232407&ds_rl=1232410&&cjevent=2c87e020dfba120ba61185d9fa310aa4&click_id=2c87e020dfba120ba61185d9fa310aa4&gclid=2c87e020dfba120ba61185d9fa310aa4&gclsrc=3p.ds&msclkid=2c87e020dfba120ba61185d9fa310aa4&term=1-YEAR&tab=subscription&plc=ACDIST,,
"Autodesk AutoCAD MEP",False,"cad",emulation,"Compatible","8.6.52.0",https://www.autodesk.in/,,
"Autodesk Design Review",False,"cad",emulation,"Compatible","14.0.0.177",https://www.autodesk.com/products/design-review/download,,
"AutoDesk Desktop App",False,"utils-tools",emulation,"Compatible","1.43.0.186",https://www.autodesk.com/products/design-review/download,,
"Autodesk DWG FastView",False,"cad",emulation,"Compatible","V7.1.0",https://en.dwgfastview.com/cloud/download/,,
"AutoDesk Fusion 360",False,"cad",emulation,"Compatible","2.0.17457",https://www.autodesk.com/products/fusion-360/trial-intake,,
"AutoDesk Inventor",False,"cad",emulation,"Compatible","28.0.15300.0000",https://www.autodesk.com/products/inventor/free-trial,,
"AutoDesk Maya",False,"creative",emulation,"Compatible","2024.1",https://www.autodesk.com/products/maya/trial-intake,,
"AutoDesk Revit",False,"creative",emulation,"Compatible","23.0.11.19",https://www.autodesk.com/products/revit/free-trial,,
"Autodesk VRED Professional",False,"cad",emulation,"Compatible","16.0.0.11988",https://manage.autodesk.com/products,,
"AutoOff",False,"utils-tools",emulation,"Compatible","4.25.0",https://autooff.en.lo4d.com/download,,
"AutoPlay Media Studio",False,"utils-tools",emulation,"Compatible","8.5.3.0",https://download.cnet.com/AutoPlay-Media-Studio/3000-2247_4-10163784.html,,
"Avant Browser",False,"browsers",emulation,"Compatible","12.5.0.0",http://www.avantbrowser.com/,,
"Avast Antivirus Download Center",False,"security",native,"Compatible","1.21.1.0",https://apps.microsoft.com/store/detail/avast-antivirus-download-center/9NBLGGH5XG3K,,
"Avro Keyboard",False,"utils-tools",emulation,"Compatible","5.6.0.0",https://www.omicronlab.com/avro-keyboard.html,,
"backiee - Wallpaper Studio 10",False,"personal",native,"Compatible","11.110.271.0",https://apps.microsoft.com/detail/9wzdncrfhzcd,,
"BakkesMod",False,"utils-tools",emulation,"Compatible","192",https://bakkesmod.com/,,
"Bamboo Paper",False,"prod",emulation,"Compatible","2.3",https://apps.microsoft.com/detail/9wzdncrfj1bh,,
"Bandicam",False,"utils-tools",emulation,"Compatible","7.0.1.2132",https://www.bandicam.com/downloads/,,
"Bandicut",False,"creative",emulation,"Compatible","3.7.0.762",https://www.bandicam.com/bandicut-video-cutter/,,
"Bandizip",False,"utils-tools",native,"Compatible","7.32",https://apps.microsoft.com/store/detail/bandizip/9P2W3W81SPPB,Bandizip.png,
"Bazel",False,"oss ,  dev-tools",native,"Compatible","5.1",https://github.com/bazelbuild/bazel/releases,bazel.svg,
"BeeLine Reader",False,"accessibility",native,"Compatible","nan",https://www.beelinereader.com/,,
"Beyond Compare",False,"utils-tools",emulation,"Compatible","4.4.7",https://www.scootersoftware.com/download.php,,
"BeyondTrust Bomgar",False,"it",emulation,"Compatible","23.1.0.703",https://www.beyondtrust.com/brand/bomgar,,
"Bible multiversion",False,"books",emulation,"Compatible","1.1.287.0",https://apps.microsoft.com/detail/9pprws532n91,,
"Bing Wallpaper",False,"personal",emulation,"Compatible","2.0.0.5",https://www.microsoft.com/en-in/bing/bing-wallpaper-msn,,
"BitComet",False,"utils-tools",emulation,"Compatible","2.04",https://www.bitcomet.com/en/downloads,,
"Bitdefender Internet Security",False,"security",native,"Compatible","27.0.27.129",https://www.bitdefender.com/solutions/internet-security.html,,
"BitLord",False,"utils-tools",emulation,"Compatible","2.4.6-363",https://downloads.digitaltrends.com/bitlord/windows,,
"Bitrix24",False,"prod",emulation,"Compatible","14.4.0.75",https://www.bitrix24.in/apps/desktop.php,,
"BitTorrent",False,"utils-tools",emulation,"Compatible","1.3.0.5672",https://www.bittorrent.com/products/win/bittorrent-web-compare/,,
"Blender",True,"creative",emulation,"Compatible","4.0.2.0",https://apps.microsoft.com/detail/9pp3c07gtvrh,blender.svg,
"BlueBeam Revu",False,"collboration",emulation,"Compatible","21.0.50",https://subscription-registration.bluebeam.com/,,
"BlueStacks 10",False,"android",emulation,"Compatible","10.5.0.1016",https://www.bluestacks.com/download.html,BlueStacks.png,
"Box",False,"prod",no,"Unsupported",,https://www.box.com/resources/downloads,,
"Brave Browser",True,"web-social",native,"Compatible","1.58.131",https://apps.microsoft.com/detail/xp8c9qzms2pc1t?hl=en-gb&gl=IN,bravebrowser.svg,
"BreeZip: Rar, Zip & 7z Extractor",False,"prod",emulation,"Compatible","1.4.31",https://apps.microsoft.com/detail/9pb13jl37zv4,,
"Browser Pro+",False,"prod",native,"Compatible","1.0.9.0",https://apps.microsoft.com/detail/9p5bk1mj0rdd,,
"BS Player",False,"entertainment",emulation,"Compatible","2.74",https://bsplayer.com/bsplayer-english/download-free.html,,
"Bugs",False,"prod",emulation,"Compatible","1.0.22.0",https://apps.microsoft.com/detail/9pnpzkcmvhlf,,
"BurnInTest Pro",False,"utils-tools",emulation,"Compatible","10.2",https://www.passmark.com/products/burnintest/download.php,,
"Business-in-a-Box",False,"prod",emulation,"Compatible","8.0.6",https://www.business-in-a-box.com/apps/,,
"BuzzSprout",False,"utils-tools",native,"Compatible","nan",https://www.buzzsprout.com/,,
"CAJViewer",False,"utils-tools",emulation,"Compatible","8.1.10",https://cajviewer.cnki.net/download.html,,
"Calculator²",False,"utils-tools",emulation,"Compatible","2022.911.0.0",https://www.microsoft.com/store/productId/9WZDNCRFHWXL?ocid=pdpshare,,
"Calculator+ HD",False,"utils-tools",emulation,"Compatible","5.2.11.0",https://apps.microsoft.com/detail/9wzdncrfj9sb,,
"Calculator X8",False,"utils-tools",emulation,"Compatible","1.8.0.11",https://www.microsoft.com/store/productId/9WZDNCRFJ305?ocid=pdpshare,,
"calibre",False,"entertainment",emulation,"Compatible","7.1.0",https://calibre-ebook.com/download_windows,,
"Reincubate Camo Studio",False,"dev-tools",native,"Compatible","2.1.80.0",https://apps.microsoft.com/detail/9pgm3qb3pdrd,ReincubateCamo.svg,
"Canon Office Printer Utility",False,"printers",emulation,"Compatible","12.7.0.0",https://apps.microsoft.com/detail/9wzdncrfj14l,,
"Canva",False,"multimedia",emulation,"Compatible","1.82.0",https://apps.microsoft.com/detail/xp8k17rnmm8mtn,,
"CapCut",False,"video",native,"Compatible","4.0.1",https://apps.microsoft.com/detail/xp9kn75rrb9nhs,CapCut.png,
"Captivate",False,"photo",emulation,"Compatible","12.2.0",https://www.adobe.com/products/captivate.html,,
"CaptureOne",False,"photo",emulation,"Compatible","16.3.6.1949",https://apps.microsoft.com/detail/xpdc1mtsbzz97k?hl=en-in&gl=IN,,
"Carbonite Online Backup",False,"utils-tools",emulation,"Compatible","6.4.6",https://www.carbonite.com/professional/backup/,,
"Carbonite Safe",False,"healthcare",emulation,"Compatible","6.4.6(Build 27)",https://www.carbonite.com/install/download/,,
"Cascadeur",False,"utils-tools",emulation,"Compatible","2023.2.1",https://apps.microsoft.com/detail/xpfmg5vk7fjpxl,,
"CA Secure Browser",False,"communication",emulation,"Compatible","V16",https://ca.portal.cambiumast.com/,,
"Ccleaner",False,"utils-tools",emulation,"Compatible","6.21.10918(64-bit)",https://apps.microsoft.com/detail/xpfcwp0sqwxm3v,,
"CDex",False,"nav",emulation,"Compatible","2.24.0.2020",https://cdex.mu/download,,
"Celestia",False,"emulators",emulation,"Compatible","2.0.50.0",https://apps.microsoft.com/detail/9pf9phrtkw3q?query=celestia&hl=en-in&gl=IN,,
"Chrome Remote Desktop",False,"prod",native,"Compatible","nan",https://chromewebstore.google.com/detail/chrome-remote-desktop/inomeogfingihgjfjlpeplalcfajhgai,,
"Chrome Remote Desktop Host",False,"prod",native,"Compatible","nan",https://remotedesktop.google.com/access,,
"Chromium",False,"dev-tools",emulation,"Compatible","118.0.5952.0",https://www.chromium.org/getting-involved/download-chromium/,,
"Cinema 4D",False,"creative",no,"Unsupported",,https://www.maxon.net/en/try,,
"Cisco AnyConnect VPN",False,"vpn",emulation,"Compatible","5.0.00907",https://apps.microsoft.com/detail/9wzdncrdj8lh,CiscoAnyConnectVPN.jpg,
"Cisco Packet Tracer",False,"utils-tools",emulation,"Compatible","8.2.2.0400",https://skillsforall.com/resources/lab-downloads?courseLang=en-US,,
"Cisco WebEx",False,"collboration",emulation,"Compatible","43.8.0.26955",https://apps.microsoft.com/detail/xpdlzv7r88ff1p,,
"ClaroRead Windows",False,"accessibility",emulation,"Compatible","12.0.29.29",https://www.texthelp.com/en-gb/products/claroread/,,
"Clash for Windows",False,"dev-tools",native,"Compatible","0.20.39",https://www.clash.la/archives/748/,,
"ClassIn",False,"education",emulation,"Compatible","5.2.1.24",https://www.classin.com/,,
"classoos",False,"education",emulation,"Compatible","2.5.2.0",https://apps.microsoft.com/detail/9p3s8w4049tq?hl=en-in&gl=IN,,
"Clean Master",False,"utils-tools",emulation,"Compatible","6.6",https://www.cleanmasterofficial.com/en-us/,,
"Clipchamp",False,"video",emulation,"Compatible","2.8.3.0",https://windows.apkpure.com/clipchamp/download,,
"Clip Studio Paint",False,"creative",emulation,"Compatible","2.3.4",https://apps.microsoft.com/detail/xpdp32qddfl4pk,,
"Cloud9 IDE",False,"dev-tools",native,"Compatible","nan",https://aws.amazon.com/cloud9/,,
"Cloudflare WARP",False,"prod",emulation,"Compatible","24.3.409.0",https://one.one.one.one/,,
"Clownfish Voice Changer",False,"audio",emulation,"Compatible","v1.81",https://clownfish-translator.com/voicechanger/download.html,,
"CMAKE",False,"oss ,  dev-tools",native,"Compatible","3.24",https://cmake.org/download/,cmake.svg,
"Cobian Reflector",False,"utils-tools",emulation,"Compatible","2.6.55",https://www.cobiansoft.com/,,
"CodeBlocks",False,"dev-tools",emulation,"Compatible","20.03",https://www.codeblocks.org/downloads/,,
"CodeMeter Runtime Kit",False,"security",emulation,"Compatible","8.1",https://www.wibu.com/support/user/user-software.html,,
"Code Writer",False,"utils-tools",emulation,"Compatible","4.2.42.0",https://apps.microsoft.com/detail/9wzdncrfhzdt,,
"Color Cop",False,"utils-tools",emulation,"Compatible","2.4.0.0",https://apps.microsoft.com/store/detail/colorpop/9WZDNCRFJB2J,,
"Coloring Book: Drawing For Adults And Kids",False,"prod",native,"Compatible","1.6.27.0",https://apps.microsoft.com/detail/9nvx1mm0gblq,,
"Complete Anatomy",False,"medical",emulation,"Compatible","10.1.1",https://apps.microsoft.com/detail/9nblggh40f2t,,
"Concepts",False,"creative",native,"Compatible","2023.5.4",https://apps.microsoft.com/detail/9ngqm8fph9wq,TopHatchConcepts.png,
"Cool Edit Pro",False,"photo",emulation,"Compatible","2.1",https://autofirma.net/descargar,,
"Cool File Viewer: Rar, Word, PDF, PPT, Video & Image Opener",False,"prod",emulation,"Compatible","5.1.7",https://apps.microsoft.com/detail/9n29tp7zmkv3,,
"Corel AfterShot HDR",False,"creative",emulation,"Compatible","3.7.0.457",https://www.aftershotpro.com/en/,,
"Corel Designer",False,"creative",emulation,"Compatible","24.5.0.731",https://www.coreldraw.com/en/product/technical-suite/,,
"CorelDraw",False,"creative",emulation,"Compatible","23.0.0.363",https://www.coreldraw.com/en/product/coreldraw/standard/,,
"CorelDRAW Graphics Suite",False,"photo",emulation,"Compatible","25.0.0.230",https://www.coreldraw.com/en/free-trials/,,
"Corel Painter",False,"photo",emulation,"Compatible","23.0.0.244",https://apps.microsoft.com/detail/xp9b0hmwqqpk3w,,
"Corel Paintshop Pro",False,"creative",emulation,"Compatible","25.2",https://www.paintshoppro.com/en/pages/free-download/,,
"Corel VideoStudio",False,"creative",emulation,"Compatible","26.0.0.213",https://apps.microsoft.com/detail/xpdfp84tbbzzgr,,
"Corel WordPerfect Office ",False,"business",emulation,"Compatible","21.0.0.81",https://www.wordperfect.com/en/product/office-suite/,,
"CORNPlayer",False,"entertainment",emulation,"Compatible","1.0.3.62",http://www.avast.com/installation-files,,
"CPU-Z",False,"utils-tools",native,"Vendor Announced - Launching Soon","2.08.0",https://www.cpuid.com/softwares/cpu-z.html,,
"Cricut Design Space",False,"creativity",emulation,"Compatible","V8.21.54",https://design.cricut.com/,,
"CrowdStrike Falcon Device Control",False,"security",native,"Compatible","6.44",https://www.crowdstrike.com/products/endpoint-security/falcon-device-control/,CrowdStrikeFalconDeviceControl.png,
"Crunchyroll",False,"entertainment",emulation,"Compatible","1.3.1.0",https://apps.microsoft.com/detail/9wzdncrfj15t,,
"CRYPT DECRYPT AES",False,"security",native,"Compatible","1.2.1",https://apps.microsoft.com/detail/9p6jmmcwm2bb,,
"CrystalDiskInfo",False,"benchmarking",native,"Compatible","9.2.3",https://apps.microsoft.com/detail/xp8k4rgx25g3gm?hl=en-in&gl=IN,,
"CubePDF",False,"prod",emulation,"Compatible","3.4.0",https://www.cube-soft.jp/cubepdf/,,
"CutePDF Professional",False,"utils-tools",emulation,"Compatible","4.0.1.6",https://www.cutepdf.com/products/cutepdf/pro.asp,,
"Cyberlink ColorDirector",False,"creative",emulation,"Compatible","12.0.3416.0",https://download.cnet.com/CyberLink-ColorDirector/3001-13631_4-75764601.html,,
"CyberLink PhotoDirector",False,"creative",emulation,"Compatible","15.0.1004.0",https://fr.cyberlink.com/products/photodirector-photo-editing-software-365/features_fr_FR.html,CyberLinkPhotoDirector.png,
"CyberLink Power2Go",False,"creative",emulation,"Compatible","13.0.5318.0",https://www.cyberlink.com/products/power2go-platinum/features_en_US.html,,
"CyberLink PowerDirector",False,"creative",emulation,"Compatible","22.0.2126.0",https://www.cyberlink.com/downloads/trials/powerdirector-video-editing-software/download_en_US.html,CyberLinkPowerDirector.png,
"CyberLink PowerDVD",False,"entertainment",emulation,"Compatible","22.0.3214.62",https://www.cyberlink.com/downloads/trials/powerdvd-ultra/download_en_US.html,,
"CyberLink YouCam",False,"photo",emulation,"Compatible","10.1.2717.0",https://www.cyberlink.com/products/youcam/features_en_US.html?r=1,,
"Cygwin",False,"dev-tools",emulation,"Compatible","3.4.7",https://www.cygwin.com/,,
"DAEMON Tools",False,"it",native,"Compatible","12.0.0.21000",https://www.techspot.com/downloads/downloadnow/4819/?evp=1e914f05ca7c59fe3dcdfcc2e9bb0e34&file=5070,,
"DameWare (Mini Remote Control App)",False,"it",emulation,"Compatible","12.3.0.2",https://www.dameware.com/downloads,,
"Dansk TV Guide",False,"utils-tools",emulation,"Compatible","V6.2.123.0",https://apps.microsoft.com/detail/9wzdncrfjlt5,,
"DART",False,"dev-tools",emulation,"Compatible","3.0.7",https://dart.dev/get-dart/archive,,
"Davinci Resolve",True,"creative",native,"Compatible","19",https://www.blackmagicdesign.com/products/davinciresolve/,DavinciResolve.jfif,
"DBeaver",False,"dev-tools",emulation,"Compatible","24.0.1.0",https://apps.microsoft.com/detail/9pnkdr50694p?hl=en-in&gl=IN,,
"DC Browser",False,"browsers",emulation,"Compatible","6.0.3.30",https://apps.microsoft.com/detail/xp8bv7f2ct4ldk?hl=en-in&gl=IN,,
"Deep Freeze Enterprise",False,"utils-tools",emulation,"Compatible","8.71.20.5734",https://www.faronics.com/downloads/download-form?product=DFE,,
"DeepL Translate",False,"travel",emulation,"Compatible","24.1.1.11641",https://apps.microsoft.com/detail/xpdnx7g06blh2g,,
"Deezer Music",False,"music",emulation,"Compatible","6.0.50.228",https://apps.microsoft.com/detail/9nblggh6j7vv,,
"Defraggler",False,"utils-tools",emulation,"Compatible","2.22.99",https://www.ccleaner.com/defraggler,,
"Descript",False,"entertainment",emulation,"Compatible","82.1.5",https://apps.microsoft.com/detail/xp8bsml4bxt27n,,
"DesktopCal",False,"utils-tools",emulation,"Compatible","3.10.162.6355",http://www.desktopcal.com/,,
"Desktop Live Wallpapers",False,"personal",emulation,"Compatible","2.0.6.0",https://apps.microsoft.com/detail/9nz370xbfqmg,,
"Dev-C++",False,"dev-tools",emulation,"Compatible","5.11",https://www.avira.com/en/downloads-paid,,
"Dictionary",False,"books",emulation,"Compatible","7.2.3",https://apps.microsoft.com/detail/9wzdncrfj3zp,,
"Discord",False,"web-social",emulation,"Compatible","1.0.9003",https://apps.microsoft.com/detail/xpdc2rh70k22mn,,
"Disney+",True,"entertainment",native,"Compatible","2023.8.310",https://apps.microsoft.com/detail/9nxqxxlfst89,DisneyPlus.png,
"DisplayLink Software",False,"utils-tools",emulation,"Compatible","3.2.14.0",https://apps.microsoft.com/detail/9n09f8v8fs02?launch=true&mode=full&hl=en&gl=in&ocid=bingwebsearch,,
"DivX Converter",False,"utils-tools",emulation,"Compatible","10.10.1.0",https://www.divx.com/en/software/divx/,,
"DivX Plus Player",False,"entertainment",emulation,"Compatible","10.10.1.0",https://www.divx.com/en/software/divx/,,
"Docker",False,"dev-tools",native,"Compatible","4.31.1",https://desktop.docker.com/win/main/arm64/153195/Docker%20Desktop%20Installer.exe,,
"DraftSight Italian",False,"cad",emulation,"Compatible","24.1.0060",https://www.draftsight.com/support/draftsight-download,,
"Drawboard PDF",False,"utils-tools",native,"Compatible","6.60.22.0",https://apps.microsoft.com/detail/9wzdncrfhwqt,,
"Draw.io",False,"multimedia",emulation,"Compatible","24.1.0",https://www.drawio.com/,,
"Dr.Capture",False,"utils-tools",emulation,"Compatible","3.13.14.3",https://www.axway.com/en/products,,
"Driver Booster",False,"utils-tools",emulation,"Compatible","11.1.0",https://www.iobit.com/en/driver-booster.php,,
"Driver Easy",False,"utils-tools",emulation,"Compatible","5.8.1.41398",https://www.drivereasy.com/download-free-version/,,
"Dropbox",False,"prod",native,"Compatible","184.4.6543",https://apps.microsoft.com/detail/9nk4t08dhq80,Dropbox.svg,
"Dropbox-lite",False,"prod",emulation,"Compatible","23.4.21.0",https://apps.microsoft.com/detail/9wzdncrfj0pk,,
"Duolingo",False,"education",native,"Compatible","1.178.3.0",https://apps.microsoft.com/detail/9wzdncrcv5xn,,
"EarTrumpet",False,"utils-tools",emulation,"Compatible","2.3.0.0",https://apps.microsoft.com/detail/9nblggh516xp,,
"EaseUS Data Recovery Wizard",False,"utils-tools",emulation,"Compatible","17.0.0.0",https://www.easeus.com/datarecoverywizard/free-data-recovery-software.htm,,
"Easil",False,"photo",native,"Compatible","nan",https://about.easil.com/,,
"Eclipse IDE",False,"dev-tools",emulation,"Compatible","2023-06(4.28.0)",https://www.eclipse.org/downloads/,,
"Eclipse Manager",False,"business",emulation,"Compatible","4.0.21.0",https://apps.microsoft.com/detail/9wzdncrdjmh1,,
"Edit Plus",False,"utils-tools",native,"Compatible","5.7.4352.0",https://www.editplus.com/download.html,,
"Electron",False,"dev-tools",emulation,"Compatible","26.0.0",https://releases.electronjs.org/,,
"eM Client",False,"prod",emulation,"Compatible","9.2.2157.0",https://apps.microsoft.com/detail/9nm8s4pvf0n2?hl=en-in&gl=IN,,
"EndNote X7",False,"prod",emulation,"Compatible","X7.8",https://support.clarivate.com/Endnote/s/article/EndNote-Download-link-for-older-EndNote-versions?language=en_US,,
"Enpass Password Manager",False,"prod",emulation,"Compatible","6.9.4",https://apps.microsoft.com/detail/9nj3kmh29vgj,,
"ESET Consumer",False,"anti-virus",emulation,"Compatible","16.2.15.0",https://www.eset.com/us/home/free-trial/,,
"ESET NOD32 Antivirus",False,"security",native,"Compatible","17.11.1.0",https://support.eset.com/en/kb8209-eset-home-products-compatible-with-windows-arm,,
"e-Speaking Voice and Speech recognition",False,"accessibility",native,"Compatible","1.0.0.0.",https://e-speaking.com/,,
"ESPN",False,"sports",native,"Compatible","16.0.1.0",https://apps.microsoft.com/detail/9nwd3s85mtfb,,
"EverNote",False,"prod",emulation,"Compatible","10.64.3",https://apps.microsoft.com/detail/9wzdncrfj3mb,,
"Everything",False,"utils-tools",emulation,"Compatible","1.4.1.1024",https://apps.microsoft.com/detail/xpdcfrsw05w4l4,,
"Expresii",False,"entertainment",emulation,"Compatible","2023.11.18",https://www.expresii.com/download.html,,
"ExpressVPN",False,"vpn",no,"Unsupported",,https://www.expressvpn.com/,expressvpn.svg,Installation fails to complete successfully. The driver is not available Arm native so wont load. 
"ezPDF Reader 3.0 ",False,"prod",emulation,"Compatible","1.1.0.2",https://apps.microsoft.com/detail/9wzdncrdn3zk,,
"F5 Access Client​",False,"vpn",emulation,"Compatible","1.3.0.0",https://apps.microsoft.com/detail/9wzdncrdsfn0,F5Access.png,
"F5 BigIP VPN",False,"vpn",native,"Compatible","17.0.0 and 16.1.2.2",https://my.f5.com/manage/s/article/K45620262,F5BigIP.svg,
"Facebook",True,"web-social",native,"Compatible","2023.531.1.0",https://apps.microsoft.com/detail/9wzdncrfj2wl,facebook.png,
"Facebook Messenger",False,"web-social",emulation,"Compatible","195.0.0.4.225",https://apps.microsoft.com/detail/9wzdncrf0083,,
"Family Safety",False,"security",native,"Compatible","0.2.40.0",https://apps.microsoft.com/detail/9pdjdjs743xf?hl=en-in&gl=IN,,
"FastStone Capture",False,"creative",emulation,"Compatible","10.3",https://www.faststone.org/FSCaptureDownload.htm,,
"FastStone Image Viewer",False,"creative",emulation,"Compatible","7.8",https://www.faststone.org/FSIVDownload.htm,,
"FFMPEG",False,"dev-tools",native,"Compatible","6.0",https://www.gyan.dev/ffmpeg/builds/,,
"Figma",False,"multimedia",native,"Compatible","124.0.2",https://www.figma.com/?fuid=,,
"File Blender",False,"utils-tools",emulation,"Compatible","0.33",https://file-blender.en.uptodown.com/windows/download,,
"File Downloader",False,"utils-tools",emulation,"Compatible","3.6",https://apps.microsoft.com/detail/9wzdncrdfjmn,,
"Files App",False,"utils-tools",native,"Compatible","3.3.0.0",https://files.community/download,,
"File Viewer Plus",False,"utils-tools",emulation,"Compatible","5.1",https://apps.microsoft.com/detail/9nwbjwc6zbv3,,
"FileZilla",False,"utils-tools",emulation,"Compatible","3.65.0",https://filezilla-project.org/,,
"FilmForth",False,"photo",emulation,"Compatible","2.3.18.0",https://apps.microsoft.com/detail/9nsf023x0mqs?hl=en-in&gl=IN,,
"Firebird",False,"dev-tools",emulation,"Compatible","5.0.0.1306",https://firebirdsql.org/en/downloads/,,
"Firefox",True,"web-social",native,"Compatible","123.0.0.0",https://apps.microsoft.com/detail/9nzvdkpmr9rd,firefox.svg,
"FizzTube - YouTube Player",False,"entertainment",emulation,"Compatible","1.3.15.0",https://apps.microsoft.com/detail/9p5wvns574c3,,
"FLAC MP3 Converter",False,"utils-tools",emulation,"Compatible","6.1.9.0",https://apps.microsoft.com/detail/9nblggh678fv,,
"Flipboard",False,"entertainment",emulation,"Compatible","4.1.2.1.3.0",https://apps.microsoft.com/detail/9wzdncrfj32q,,
"Flipkart",False,"ecom",native,"Compatible","4.1.3.0",https://apps.microsoft.com/detail/9wzdncrfj356,,
"FL Studio",False,"creative",emulation,"Compatible","21.1.1.3750",https://www.image-line.com/fl-studio-download/,,
"FluentCast",False,"entertainment",emulation,"Compatible","2023.1019.113.0",https://apps.microsoft.com/detail/9pm46jrsdqqr,,
"Flutter",False,"dev-tools",native,"Compatible","3.10.6",https://docs.flutter.dev/get-started/install/windows,,
"f.lux",False,"utils-tools",emulation,"Compatible","4.12",https://apps.microsoft.com/detail/9n9kdphv91jt,,
"FocusOn Image Viewer ",False,"creative",emulation,"Compatible","1.29",https://www.pintosoft.com/en/foni,,
"Forcepoint DLP Endpoint",False,"anti-virus",native,"Compatible","Forcepoint F1E v24.07",https://help.forcepoint.com/F1E/en-us/v24/ep_release_notes/oxy_ex-1/ig/guid-756b0ebb-ec47-4c6b-b34b-df4b427b6482.html,ForcepointDLPEndpoint.svg,
"FormatFactory",False,"utils-tools",emulation,"Compatible","5.16",https://apps.microsoft.com/detail/9n1kpx9m78d6,,
"Foxit PDF Editor",False,"prod",emulation,"Compatible","12.1.4.15400",https://apps.microsoft.com/detail/xpdnzd76fp5jr7?hl=en-in&gl=IN,,
"Foxit PDF Reader",False,"prod",emulation,"Compatible","2024.1.0.23997",https://apps.microsoft.com/detail/xpfcg5nrkxqpkt?hl=en-in&gl=IN,,
"Fraps",False,"utils-tools",emulation,"Compatible","3.5.99",https://fraps.com/download.php,,
"Free Alarm Clock",False,"utils-tools",emulation,"Compatible","5.2.1.0",https://apps.microsoft.com/detail/9phg94xmj1pp,,
"Freedom Scientific JAWS 2020 Base",False,"accessibility",native,"Compatible","2024.2310.70.400",https://www.freedomscientific.com/products/software/jaws/,,
"Free Download Manager",False,"web-social",emulation,"Compatible","6.19.1.5263",https://apps.microsoft.com/detail/xpdlmkftxtdhsd,,
"Free File Viewers",False,"utils-tools",emulation,"Compatible","2014.2.16.0",http://www.freefileviewer.com/,,
"Free Mp3 Cutter",False,"utils-tools",emulation,"Compatible","2.6.90",https://apps.microsoft.com/detail/9nwb19v7v858,,
"Free Studio",False,"utils-tools",emulation,"Compatible","6.7.7.1110",https://www.dvdvideosoft.com/free-dvd-video-software.htm,,
"Free WMA to MP3 Converter",False,"utils-tools",emulation,"Compatible","2.1.5.0",https://apps.microsoft.com/detail/9nblggh67814,,
"Fresh Paint",False,"creative",emulation,"Compatible","3.1.10383.1000",https://apps.microsoft.com/detail/9wzdncrfjb13,,
"FrostWire",False,"utils-tools",emulation,"Compatible","5.3.4.0",https://apps.microsoft.com/detail/9mwcs6hvdm34,,
"Gaana",False,"entertainment",native,"Compatible","nan",https://gaana.com/,,
"Gamma",False,"utils-tools",native,"Compatible","1.0.2.0",https://apps.microsoft.com/detail/9mv4lscdrflt,,
"GCC",False,"dev-tools",emulation,"Compatible","6.3.0",https://sourceforge.net/projects/mingw/,,
"GDB",False,"dev-tools",emulation,"Compatible","7.6.1",https://sourceforge.net/projects/mingw/,,
"GeoGebra",False,"education",emulation,"Compatible","11.0.18.0",https://www.geogebra.org/download,,
"GeoGebra Graphing Calculator",False,"education",emulation,"Compatible","6.0.840",https://apps.microsoft.com/detail/9pnpzkcmvhlf,,
"GHC",False,"dev-tools",emulation,"Compatible","9.4.6",https://www.haskell.org/ghc/download_ghc_9_4_6.html,,
"Ghostscript",False,"utils-tools",native,"Compatible","10.02.1",https://www.ghostscript.com/,,
"GIMP",False,"creative",native,"Compatible","2.10.36.0",https://apps.microsoft.com/detail/xpdm27w10192q0,GIMP.png,
"Git",False,"dev-tools",emulation,"Compatible","2.41.0.3",https://git-scm.com/download/win,,
"Go",False,"dev-tools",native,"Compatible","1.21.1",https://go.dev/doc/install,,
"GoldWave",False,"creative",emulation,"Compatible","6.78",https://www.goldwave.com/release.php,,
"GoodNotes",False,"prod",native,"Compatible","1.0.3.0",https://apps.microsoft.com/detail/9n92mc09db30,,
"Google Chrome",True,"web-social",native,"Compatible","116.0.5845.188",https://google.com/chrome/,GoogleChrome.svg,
"Google Docs",False,"prod",native,"Compatible","nan",https://docs.google.com/document/u/0/,,
"Google Drive",False,"prod",no,"Unsupported",,https://www.google.com/drive/download/,,Windows architecture is not supported error is observed during installation.
"Google Earth",False,"nav",emulation,"Compatible","7.3.6.9345",https://www.google.com/earth/about/versions/,,
"Google Meet",False,"prod",native,"Compatible","nan",https://workspace.google.com/pricing.html,,
"Google Slides",False,"prod",native,"Compatible","nan",https://docs.google.com/presentation/u/0/,,
"GoTo Meeting",False,"prod",emulation,"Compatible","10.18.0.19932",https://global.gotomeeting.com/install,,
"GPS Satellite",False,"utils-tools",emulation,"Compatible","6.1.2.0",https://apps.microsoft.com/detail/9wzdncrfj0dg,,
"GPU Caps Viewer ",False,"utils-tools",emulation,"Compatible","1.56.0.0",https://www.ozone3d.net/gpu_caps_viewer/,,
"Grammarly",False,"utils-tools",emulation,"Compatible","V1.2.70.1352",https://www.buzzsprout.com/,,
"Greenshot",False,"utils-tools",emulation,"Compatible","1.2.10.6",https://getgreenshot.org/,,
"GroupMe",False,"web-social",emulation,"Compatible","2.53.57.0",https://apps.microsoft.com/detail/9nblggh5z4f2,,
"GStreamer",False,"dev-tools",emulation,"Compatible","1.22.5",https://gstreamer.freedesktop.org/download/,,
"Guitar Pro",False,"creative",emulation,"Compatible","8.1.1",https://www.guitar-pro.com/download-guitar-pro,,
"Gyazo",False,"utils-tools",emulation,"Compatible","5.4.1.0",https://gyazo.com/en,,
"Handbrake",False,"utils-tools",native,"Compatible","1.6.1",https://handbrake.fr/downloads.php,,
"HeidiSQL",False,"dev-tools",emulation,"Compatible","12.7.0.6850",https://www.heidisql.com/download.php,,
"hide.me VPN",False,"vpn",emulation,"Compatible","2.1.5.0",https://apps.microsoft.com/detail/9pmwdcrdlmsk,HideMeVPN.png,
"Hitman pro",False,"security",emulation,"Compatible","3.8.34-Build 330",https://www.sophos.com/en-us/free-tools/hitmanpro-alert,,
"Hotspot Shield",False,"vpn",emulation,"Compatible","2.13.0",https://apps.microsoft.com/detail/9wzdncrdfng7,HotSpotShieldpng.png,
"H&R Block Basic",False,"personalfin",emulation,"Compatible","23.02.7903",https://www.hrblock.com/tax-software/basic-tax-software/,,
"H&R Block Deluxe + Efile 2020",False,"personalfin",emulation,"Compatible","23.02.7903",https://www.hrblock.com/online-tax-filing/deluxe-online-tax-filing/,,
"H&R Block Premium + Efile 2020",False,"business",emulation,"Compatible","23.02.7903",https://www.hrblock.com/tax-software/premium-tax-software/,,
"Hulu",False,"entertainment",native,"Compatible","4.12.0.0",https://apps.microsoft.com/detail/9wzdncrfj3l1,,
"HWMonitor",False,"utils-tools",native,"Compatible","1.02",https://www.cpuid.com/softwares/hwmonitor-arm64.html,,
"IBM SPSS Statistics",False,"business",emulation,"Compatible","29.0.1.0.0",https://www.ibm.com/products/spss-statistics,,
"iCloud Control Panel",False,"prod",emulation,"Compatible","14.2",https://apps.microsoft.com/detail/9pktq5699m62,,
"iFree Skype Recorder",False,"entertainment",emulation,"Compatible","8.0.26.0",https://www.malavida.com/en/soft/ifree-skype-recorder/download,,
"IMVU",False,"web-social",emulation,"Compatible","13.3.15",https://www.imvu.com/next/download/latest/,,
"Instagram",True,"web-social",native,"Compatible","42.0.21.0",https://apps.microsoft.com/detail/9nblggh5l9xt,instagram.png,
"InstallShield",False,"utils-tools",emulation,"Compatible","29",https://www.revenera.com/install/products/installshield,,
"Insta Studio",False,"video",emulation,"Compatible","4.1.0.0",https://forums.insta360.com/section/14/post/1360/,,
"Intellij IDEA",False,"dev-tools",native,"Compatible","2023.3.3",https://www.jetbrains.com.cn/en-us/idea/download/other.html,,
"Internet Download Manager",False,"utils-tools",emulation,"Compatible","6.42.2.2",https://www.internetdownloadmanager.com/,,
"Inworld",False,"dev-tools",native,"Compatible","nan",https://www.inworld.ai/,,
"IObit Malware Fighter",False,"security",emulation,"Compatible","V10.2.0.1047",https://apps.microsoft.com/detail/xp9m26rrwn85j3,,
"Iobit Uninstaller",False,"utils-tools",emulation,"Compatible","V13.1.0.5",https://apps.microsoft.com/detail/xp8k2scqwd27vt,,
"IP Messenger for Win",False,"web-social",emulation,"Compatible","5.6.3",https://ipmsg.org/,,
"IrfanView",False,"creative",emulation,"Compatible","4.62",https://apps.microsoft.com/detail/9nl0r0jnnzm0,,
"Izotope",False,"audio , creative ,  music",no,"Unsupported",,https://www.izotope.com/,,
"Java Runtime",False,"dev-tools",emulation,"Compatible","1.8.0_381",https://www.java.com/en/download/,,
"JDK",False,"dev-tools",emulation,"Compatible","20.0.2",https://www.oracle.com/java/technologies/downloads/,,
"Jenkins",False,"dev-tools",emulation,"Compatible","2.401.3",https://www.jenkins.io/download/,,
"join.me",False,"web-social",emulation,"Compatible","3.19.1.5530",https://www.join.me/apps,,
"JULIA",False,"dev-tools",emulation,"Compatible","1.9.2",https://apps.microsoft.com/detail/9njnww8pvkmn,,
"JW Library",False,"entertainment",native,"Compatible","14.1.4",https://apps.microsoft.com/detail/9wzdncrfj3b4,,
"K7AntiVirus Premium",False,"security",emulation,"Compatible","16.0.1093",https://www.k7computing.com/us/home-users/antivirus-premium,,
"Kahoot! Create",False,"education",native,"Compatible","2.0.0.0",https://apps.microsoft.com/detail/9n4jbjnfzc1l,,
"KeePass Password Safe",False,"utils-tools",emulation,"Compatible","2.55",https://sourceforge.net/projects/keepass/files/KeePass 2.x/2.53.1/KeePass-2.53.1-Setup.exe/download,,
"Kickresume",False,"prod",native,"Compatible","2.2.2.0",https://apps.microsoft.com/detail/9nblggh4rn56,,
"Kodi",False,"entertainment",emulation,"Compatible","20.2.0",https://apps.microsoft.com/detail/9nblggh4t892,,
"kofax paperport professional 14",False,"prod",emulation,"Compatible","14.7",https://www.kofax.com/products/paperport/professional-trial-version,,
"Kofax Power PDF Advanced",False,"prod",emulation,"Compatible","5.0.0.10.0.23307",https://www.kofax.com/products/power-pdf/advanced-free-trial,,
"Kortext",False,"books",emulation,"Compatible","2.6.4.0",https://apps.microsoft.com/detail/9nblggh4xfhr,,
"Kotlin",False,"dev-tools",emulation,"Compatible","1.5.10",https://sourceforge.net/projects/kotlin-native.mirror/,,
"Krita",False,"multimedia",emulation,"Compatible","5.2.2.100",https://krita.org/en/download/krita-desktop/,,
"Kurzweil 3000",False,"accessibility",emulation,"Compatible","22.07.0000",https://www.kurzweiledu.com/TrialSignup.php?action=Submit,,
"Lantern",False,"anti-virus",emulation,"Compatible","7.6.2",https://lantern.io/download?os=windows,,
"Lark",False,"collboration",emulation,"Compatible","7.6.11",https://www.larksuite.com/download,,
"Leonardo",False,"creative",emulation,"Compatible","0.17.70",https://www.getleonardo.com/download/,,
"LibJPEG Turbo",False,"dev-tools",emulation,"Compatible","3.0.0 (Build 2020230807)",https://sourceforge.net/projects/libjpeg-turbo/files/latest/download,,
"Libre Office",False,"prod",native,"Compatible","24.8",https://www.libreoffice.org/download/download-libreoffice/,libreoffice.svg,
"Lightshot",False,"utils-tools",emulation,"Compatible","5.5.0.4",https://app.prntscr.com/en/download.html,,
"LinkedIn",False,"web-social",emulation,"Compatible","3.0.22.0",https://apps.microsoft.com/detail/9wzdncrfj4q7,,
"LiquidText",False,"prod",native,"Compatible","2.7.160",https://apps.microsoft.com/detail/9n9z9nsv47fl,,
"LLDB",False,"dev-tools",native,"Compatible","16.0.0",https://lldb.llvm.org/,llvm.svg,
"LLVM",False,"oss ,  dev-tools",emulation,"Compatible","16.0.0",https://release.llvm.org/download.html,llvm.svg,
"LM Studio",False,"collboration",native,"Compatible","0.2.31",https://lmstudio.ai/snapdragon,LMStudio.png,
"LogMeIn",False,"remote-desktop",emulation,"Compatible","10.19.0.19950",https://www.logmein.com/,,
"LuaJIT",False,"dev-tools",emulation,"Compatible","2.1.0-beta3",https://luajit.org/download/,,
"Luminar Neo",False,"photo",native,"Compatible","1.14.2.0",https://skylum.com/checkout/luminar-neo/sub-special-offer-ux,LuminarNeo.png,
"Magic Desktop",False,"utils-tools",emulation,"Compatible","11.3.0.8",https://www.magicdesktop.com/en-us,,
"MAGIX Movie Studio Platinum",False,"photo",emulation,"Compatible","23.0.1.179",https://www.magix.com/us/video-editor/movie-studio/,,
"Magix Vegas Pro",False,"creative",emulation,"Compatible","21.0.208.0",https://www.vegascreativesoftware.com/us/vegas-pro/,,
"MakeCode for Adafruit",False,"education",emulation,"Compatible","1.3.0.0",https://apps.microsoft.com/detail/9pgzhwsk0pgd,,
"MakeCode for micro:bit",False,"education",native,"Compatible","v6.0.25",https://apps.microsoft.com/detail/9nmqdq2xzkwk,,
"Malwarebytes AdwCleaner",False,"security",emulation,"Compatible","8.4.2.0",https://www.malwarebytes.com/adwcleaner,,
"Malware Crusher",False,"security",emulation,"Compatible","1.0.1.18",https://www.malwarecrusher.com/,,
"Maria DB",False,"dev-tools",emulation,"Compatible","11.2.0 Alpha",https://mariadb.org/download/?t=mariadb&p=mariadb&r=11.2.0&os=windows&cpu=x86_64&pkg=msi&m=aliyun,,
"MathType",False,"education",emulation,"Compatible","7.7.1.258",https://store.wiris.com/en/products/mathtype/download/windows,,
"MATLAB",False,"education",emulation,"Compatible","23.2.0.2409890",https://www.mathworks.com/products/matlab.html,,
"Maxthon Cloud Browser",False,"web-social",emulation,"Compatible","7.1.7.2000",https://www.maxthon.com/,,
"McAfee AntiVirus Plus",False,"security",emulation,"Compatible","2.1.68.0",https://apps.microsoft.com/store/detail/mcafee-personal-security/9N1SQW2NKPDS,,
"McAfee Internet Security",False,"security",emulation,"Compatible","1.11.260",https://www.mcafee.com/en-us/antivirus/mcafee-total-protection.html,,
"McAfee LiveSafe",False,"security",emulation,"Compatible","1.14.212.1",https://www.mcafee.com/en-in/antivirus/mcafee-livesafe.html,,
"McAfee Total Protection",False,"anti-virus",emulation,"Compatible","1.12.299",https://www.mcafee.com/en-us/antivirus/free.html,,
"MediaGet",False,"web-social",emulation,"Compatible","1",https://www.malavida.com/en/soft/mediaget/download,,
"Media Player S",False,"entertainment",emulation,"Compatible","1.299.144.0",https://apps.microsoft.com/detail/9p5mvrnlgg2q,,
"MEGAsync",False,"utils-tools",emulation,"Compatible","11.0.13",https://www.megasoftware.net/dload_win_gui,,
"Mendeley Desktop",False,"utils-tools",emulation,"Compatible","2.107.0.143",https://www.mendeley.com/download-reference-manager/windows,,
"Meta Threads",False,"web-social",native,"Compatible","42.0.1.0",https://apps.microsoft.com/detail/9mxbp1fb84cq,MetaThreads.svg,
"Microsoft Forms",False,"utils-tools",native,"Compatible","1.0.1.0",https://apps.microsoft.com/detail/9nhkf5nvcg00,MicrosoftForms.svg,
"Microsoft Visual C++ Redistributable",False,"dev-tools",native,"Compatible","14.38.33135",https://aka.ms/vs/17/release/,VisualStudio.svg,
"MinGW",False,"dev-tools",emulation,"Compatible","0.6.2-beta-20131004-1",https://sourceforge.net/projects/mingw/,,
"Minitab",False,"business",emulation,"Compatible","21.4.2.0",https://www.minitab.com/en-us/products/minitab/free-trial/,,
"Moises",False,"audio",emulation,"Compatible","1.0.49",https://apps.microsoft.com/detail/xpdcs8wcw397qt,,
"MongoDB",False,"dev-tools",emulation,"Compatible","6.0.8",https://www.mongodb.com/try/download/community,,
"Moodle Desktop",False,"education",emulation,"Compatible","3.9.2.0",https://apps.microsoft.com/detail/9p9bwvhdc8c8,,
"Movie Creator : Free Video Editor",False,"photo",emulation,"Compatible","1.1.145.0",https://apps.microsoft.com/detail/9nblggh4wwjr,,
"Movie Edit Pro 2021 Windows Store Edition",False,"photo",emulation,"Compatible","2001.80.13.0",https://apps.microsoft.com/detail/9p73xcjkxmwt,,
"Movie Maker",False,"creative",emulation,"Compatible","3.6.37",https://apps.microsoft.com/detail/9mvfq4lmz6c9,,
"Mozilla Thunderbird",False,"prod",emulation,"Compatible","115.7.0.0",https://apps.microsoft.com/detail/9pm5vm1s3vmq,,
"MP3 Cutter",False,"utils-tools",emulation,"Compatible","4.4",https://apps.microsoft.com/detail/9nwb19v7v858,,
"MP3 Merger",False,"utils-tools",emulation,"Compatible","7.7.2.0",https://apps.microsoft.com/detail/9n503f87hldf,,
"MP3 Quality Modifier",False,"utils-tools",emulation,"Compatible","2.53",https://mp3-quality-modifier.en.lo4d.com/download,,
"Mp3tag",False,"utils-tools",emulation,"Compatible","3.23.0.0",https://apps.microsoft.com/detail/9nn77tcq1nc8,,
"Microsoft 365 (Office)",False,"prod",native,"Compatible","18.0.0.0",https://www.microsoft.com/store/productId/9WZDNCRD29V9,MicrosoftOffice365.png,
"Microsoft 3D Builder",False,"creative",native,"Compatible","20.0.4.0",https://apps.microsoft.com/store/detail/3d-builder/9WZDNCRFJ3T6,Microsoft3DBuilder.png,
"Microsoft 3D Viewer",False,"creative",native,"Compatible","7.307.2704.0",https://apps.microsoft.com/store/detail/3d-viewer/9NBLGGH42THS,Microsoft3DViewer.png,
"Microsoft Access",False,"database",emulation,"Compatible","2308",https://www.microsoft.com/en-us/microsoft-365/buy/compare-all-microsoft-365-products,MicrosoftAccess.svg,
"Microsoft Alarms & Clock",False,"utils-tools",native,"Compatible","11.2306.23.0",https://apps.microsoft.com/detail/9wzdncrfj3pr,MicrosoftAlarmAndClock.png,
"Microsoft Azure Virtual Desktop",False,"virtualization",native,"Compatible","1.2.4157.0",https://apps.microsoft.com/detail/9nzsg2h7ms6b,MicrosoftAzureVirtualDesktopPreview.png,
"Microsoft Bitlocker",False,"security",native,"Compatible","nan",https://support.microsoft.com/en-us/windows/turn-on-device-encryption-0c453637-bc88-5f74-5105-741561aae838,MicrosoftBitlocker.png,
"Microsoft Calculator",False,"utils-tools",native,"Compatible","11.2307.4.0",https://apps.microsoft.com/detail/9wzdncrfhvn5,MicrosoftCalculator.png,
"Microsoft Camera",False,"utils-tools",native,"Compatible","2023.2305.4.0",https://apps.microsoft.com/detail/9wzdncrfjbbg,MicrosoftCamera.png,
"Microsoft Clipchamp",False,"video",native,"Compatible","2.9.1.0",https://apps.microsoft.com/detail/9p1j8s7ccwwt,MicrosoftClipChamp.svg,
"Microsoft Credential Guard​",False,"security",native,"Compatible","nan",https://learn.microsoft.com/en-us/windows/security/identity-protection/credential-guard/credential-guard-manage,MicrosoftDeviceGuard.webp,
"Microsoft Defender",False,"anti-virus",native,"Compatible","nan",https://apps.microsoft.com/detail/9p6pmztm93lr,MicrosoftDefender.png,
"Microsoft Device Guard",False,"sysinfo",native,"Compatible","nan",https://www.tenforums.com/tutorials/68913-enable-disable-device-guard-windows-10-a.html,MicrosoftDeviceGuard.webp,
"Microsoft Edge",True,"web-social",native,"Compatible","126.0.2592.113",https://apps.microsoft.com/detail/xpfftq037jwmhs,MicrosoftEdge.svg,
"Microsoft Excel",True,"prod",native,"Compatible","2308",https://www.microsoft.com/en-us/microsoft-365/excel,MicrosoftExcel.svg,
"Microsoft Intune​",False,"dev-mgmt",native,"Compatible","11.2.179.0",https://apps.microsoft.com/detail/9p981qz637th,microsoftintune.svg,
"Microsoft Mail & Calendar",False,"prod",native,"Compatible","16005.14326.21514.0",https://apps.microsoft.com/detail/9wzdncrfhvqm,MicrosoftMailAndCalendar.png,
"Microsoft Maps",False,"utils-tools",native,"Compatible","11.2308.3.0",https://apps.microsoft.com/detail/9wzdncrdtbvb,MicrosoftMaps.png,
"Microsoft Money",False,"personalfin",native,"Compatible","4.53.51973.0",https://apps.microsoft.com/detail/9wzdncrfhv4v,MicrosoftMoney.png,
"Microsoft Movies & TV",False,"entertainment",native,"Compatible","10.23050.1000.0",https://apps.microsoft.com/detail/9wzdncrfj3p2,MicrosoftMoviesTV.png,
"Microsoft News",False,"news",native,"Compatible","4.55.62231.0",https://apps.microsoft.com/detail/9wzdncrfhvfw,MicrosoftNews.svg,
"Microsoft Notepad",False,"prod",native,"Compatible","11.2406.9.0",https://apps.microsoft.com/detail/9msmlrh6lzf3,MicrosoftNotepad.svg,
"Microsoft OneDrive",True,"prod",native,"Compatible","23.153.0724.0001",https://www.microsoft.com/en-us/microsoft-365/onedrive/online-cloud-storage,MicrosoftOneDrive.svg,
"Microsoft One Note",True,"prod",native,"Compatible","16.0.17231.20236",https://apps.microsoft.com/detail/xpffzhvgqwwlhb,MicrosoftOneNote.svg,
"Microsoft Outlook",True,"prod",native,"Compatible","2308",https://apps.microsoft.com/detail/9nrx63209r7b,MicrosoftOutlook.png,
"Microsoft Paint",False,"creative",native,"Compatible","11.2308.18.0",https://apps.microsoft.com/detail/9pcfs5b6t72h,MicrosoftPaint.svg,
"Microsoft Paint 3D",False,"creative",emulation,"Compatible","6.2305.16087.0",https://apps.microsoft.com/detail/9nblggh5fv99,MicrosoftPaint3D.svg,
"Microsoft Phone Link",False,"prod",native,"Compatible","1.23092.142.0",https://apps.microsoft.com/detail/9nmpj99vjbwv,MicrosoftPhoneLink.svg,
"Microsoft Photos",False,"creative",native,"Compatible","2023.11090.20015.0",https://apps.microsoft.com/detail/9wzdncrfjbh4,MicrosoftPhotos.png,
"Microsoft Power BI Desktop",False,"business",emulation,"Compatible","2.122.746.0",https://www.microsoft.com/store/productId/9NTXR16HNW1T,MicrosoftPowerBI.png,
"Microsoft Powerpoint",True,"prod",native,"Compatible","2308",https://portal.office.com/Account,MicrosoftPowerpoint.png,
"Microsoft PowerToys",False,"utils-tools",native,"Compatible","v0.68.1",https://github.com/microsoft/PowerToys/releases/tag/v0.68.1,MicrosoftPowerToys.png,
"Microsoft Project",False,"prod",emulation,"Compatible","2016",https://www.microsoft.com/en-us/microsoft-365/project/project-management-software,MicrosoftProject.svg,
"Microsoft Publisher",False,"creative",emulation,"Compatible","2308",https://www.microsoft.com/en-us/microsoft-365/p/publisher/CFQ7TTC0HLKN,MicrosoftPublisher.svg,
"Microsoft Remote Desktop",False,"utils-tools",native,"Compatible","10.2.3012.0",https://apps.microsoft.com/detail/9wzdncrfj3ps,MicrosoftRemoteDesktop.png,
"Microsoft System Center Configuration Manager",False,"dev-mgmt",emulation,"Compatible","1.0.7.0",https://learn.microsoft.com/en-us/mem/configmgr/core/understand/introduction,MicrosoftSCCM.webp,
"Microsoft Snipping Tool",False,"prod",native,"Compatible","11.2209.4.0",https://apps.microsoft.com/store/detail/snipping-tool/9MZ95KL8MR0L,MicrosoftSnippingTool.png,
"Microsoft Sound Recorder",False,"utils-tools",native,"Compatible","11.2304.25.0",https://apps.microsoft.com/detail/9wzdncrfhwkn,MicrosoftSoundRecorder.png,
"Microsoft Sticky Notes",False,"prod",native,"Compatible","4.6.0.0",https://apps.microsoft.com/detail/9nblggh4qghw,MicrosoftStickyNotes.svg,
"Microsoft SysMon",False,"it",native,"Compatible","V15.0",https://learn.microsoft.com/en-us/sysinternals/downloads/sysmon,MicrosoftSysMon.png,
"Microsoft Teams",True,"collboration",native,"Compatible","0.1",https://apps.microsoft.com/detail/xp8bt8dw290mpq,MicrosoftTeams.svg,
"Microsoft To-Do",False,"prod",native,"Compatible","2.106.62642.0",https://apps.microsoft.com/detail/9nblggh5r558,MicrosoftToDo.svg,
"Microsoft Visio",False,"prod",emulation,"Compatible","16.0426.1001",https://www.microsoft.com/en-us/microsoft-365/visio/flowchart-software,MicrosoftVisio.png,
"Microsoft Weather",False,"news",native,"Compatible","4.53.52331.0",https://apps.microsoft.com/detail/9wzdncrfj3q2,MicrosoftWeather.svg,
"Microsoft Whiteboard",False,"prod",native,"Compatible","23.10927.120",https://apps.microsoft.com/detail/9mspc6mp8fm4,MicrosoftWhiteboard.png,
"Microsoft Word",False,"prod",native,"Compatible","2308",https://portal.office.com/Account,MicrosoftWord.svg,
"MSIX Packaging Tool",False,"dev-tools",emulation,"Compatible","1.2023.319.0",https://apps.microsoft.com/store/detail/msix-packaging-tool/9N5LW3JBCXKF,,
"Msys2",False,"dev-tools",emulation,"Compatible","3.4.7",https://www.msys2.org/,,
"Music Maker Jam",False,"entertainment",emulation,"Compatible","V3.1.1.0",https://apps.microsoft.com/detail/9wzdncrfj9z5,,
"Music Maker Plus",False,"entertainment",emulation,"Compatible","32.0.2.11",https://dl03.magix.com/musicmaker.exe,,
"MySQL",False,"dev-tools",emulation,"Compatible","8.1.0",https://dev.mysql.com/downloads/mysql/,,
"NaturalReader AI Text to Speech",False,"accessibility",native,"Compatible","10.2.24",https://apps.microsoft.com/detail/9pcgvzc4mn47,NaturalReader.png,
"NBC Sports",False,"sports",native,"Compatible","2.1.11.0",https://apps.microsoft.com/detail/9wzdncrfjcl3,,
"Neat Office - Word, Excel, PDF, Powerpoint alternative",False,"business",emulation,"Compatible","6.2.8.2",https://apps.microsoft.com/detail/xp9cs411pkhtw2,,
"NetBeans IDE",False,"dev-tools",emulation,"Compatible","18",https://www.apache.org/dyn/closer.cgi/netbeans/netbeans-installers/18/Apache-NetBeans-18-bin-windows-x64.exe,,
"Netflix",True,"musicvideos",native,"Compatible","6.98.1805.0",https://apps.microsoft.com/detail/9wzdncrfj3tj,Netflix.png,
".NET Runtime",False,"dev-tools",emulation,"Compatible","7.0.306",https://dotnet.microsoft.com/en-us/download,NETRuntime.svg,
"NextUp Talker",False,"accessibility",emulation,"Compatible","1.0.49",https://nextup.com/download.html,,
"Nexus Mod Manager",False,"utils-tools",emulation,"Compatible","1.9.12",https://www.nexusmods.com/about/vortex/,,
"NGINX",False,"dev-tools",emulation,"Compatible","1.25.2",https://nginx.org/download/nginx-1.25.2.zip,,
"Ninite",False,"utils-tools",emulation,"Compatible","nan",https://ninite.com/request_trial,,
"Nitro PDF Reader",False,"prod",emulation,"Compatible","14.18.41",https://www.gonitro.com/pdf-reader,,
"NL Notes",False,"prod",emulation,"Compatible","1.12.23",https://www.kdanmobile.com/noteledge,,
"Node.JS",False,"oss ,  dev-tools",native,"Compatible","20.5.1",https://nodejs.org/dist/v20.5.1/node-v20.5.1-arm64.msi,node.svg,
"NordVPN",False,"vpn",no,"Unsupported",,https://nordvpn.com/,NordVPN.svg,
"Notepad++",False,"prod",native,"Compatible","v8.5.6",https://notepad-plus-plus.org/downloads/v8.5/,NotepadPlusPlus.svg,
"NPCAP",False,"dev-tools",emulation,"Compatible","1.76",https://npcap.com/,,
"NVDA",False,"accessibility",emulation,"Compatible","2023.3.0.29780",https://www.nvaccess.org/download/,,
"Obsidian",False,"prod",emulation,"Compatible","1.5.12",https://obsidian.md/download,,
"OBS Studio",False,"dev-tools",emulation,"Compatible","30.0.2",https://apps.microsoft.com/detail/xpffh613w8v6lv,,
"OfficeSuite - PDF, Mail, Documents, Sheets, Slides, 50GB Cloud",False,"prod",emulation,"Compatible","8.0.53534.0",https://www.officesuite.com/en,,
"One Calendar",False,"prod",emulation,"Compatible"," 2023.1029.1.0",https://apps.microsoft.com/detail/9wzdncrdr0sf,,
"OneSafe PC Cleaner",False,"utils-tools",emulation,"Compatible","9.1.0.0",https://onesafesoftware.com/software/onesafe-pc-cleaner,,
OpenBLAS,False,"oss, dev-tools",native,"Compatible","0.3.21",https://www.openblas.net/,openblas.svg,
"OpenOffice",False,"prod",emulation,"Compatible","4.1.14",https://www.openoffice.org/download/,,
"OpenVPN​",False,"vpn",native,"Compatible","2.6.6",https://openvpn.net/community-downloads/,openvpn.svg,
"Opera",False,"web-social",native,"Compatible","112.0.5172.0",https://www.opera.com/browsers/opera/developer,,
"Oracle VM VirtualBox",False,"business",no,"Unsupported",,https://www.oracle.com/virtualization/technologies/vm/downloads/virtualbox-downloads.html,,
"Orbitum",False,"web-social",emulation,"Compatible","80.0.3987.123",https://orbitum.com/,,
"OSquery",False,"creativity",native,"Compatible","5.11.0",https://github.com/osquery/osquery/releases/download/5.11.0/osquery-5.11.0.windows_arm64.zip,,
"Paint.NET",False,"creative",native,"Compatible","510.1",https://www.getpaint.net/,PaintNET.png,
"Palo Alto Cortex Global Protect VPN",False,"vpn",native,"Compatible","5.1",https://apps.microsoft.com/detail/9nblggh6bzl3,PaloAltoCortexGlobalProtectVPN.jpg,
"Panda Dome Complete",False,"security",emulation,"Compatible","22.02.01",https://store.pandasecurity.com/300/purl-dome-y?currencies=INR&x-track=190666&cart=iA01YPDC0S01&language=en&quantity=1&enablecoupon=false&coupon=35OFFMULTIP&x-coupon=35OFFMULTIP&x-market=india&interstitial=NO&tracking=onemonth&affiliate=44134&_ga=2.46346855.1193175216.1683020124-1810859885.1680865580&_gl=1*90uker*_ga*MTgxMDg1OTg4NS4xNjgwODY1NTgw*_ga_P4QYHQWT8T*MTY4MzAyMDEyMy4yLjEuMTY4MzAyMTAxNi42MC4wLjA,,
"Panda Dome Free",False,"security",emulation,"Compatible","22.02.00.0000",https://download.pandasecurity.com/modal/?lang=en&installer=191048&_gl=1*5xtkhm*_ga*MTgxMDg1OTg4NS4xNjgwODY1NTgw*_ga_P4QYHQWT8T*MTY4MzAyMDEyMy4yLjAuMTY4MzAyMDEyMy42MC4wLjA.&_ga=2.240196035.1193175216.1683020124-1810859885.1680865580,,
"Pandora Music",False,"entertainment",emulation,"Compatible","15.0.30",https://apps.microsoft.com/detail/9wzdncrfj46v,,
"PC-Doctor",False,"utils-tools",emulation,"Compatible","8.2.7345.681",https://www.pc-doctor.com/downloads,,
"PC-Talker",False,"accessibility",emulation,"Compatible","1",https://download.cnet.com/Computer-Talker/3000-31712_4-75985221.html,,
"PDF24 Creator",False,"prod",emulation,"Compatible","11.14.0",https://tools.pdf24.org/en/creator,,
"PDF Architect",False,"prod",emulation,"Compatible","9.0.47.21330",https://download.pdfforge.org/download/pdfarchitect9/PDFArchitect-stable,,
"PDFCreator",False,"prod",emulation,"Compatible","5.1.2",https://www.pdfforge.org/pdfcreator/download,,
"PDF Merge Tool",False,"utils-tools",emulation,"Compatible","1.0.2.0",https://apps.microsoft.com/detail/9n81xwvn3w54,,
"PDF Office : PDF Editor ,Reader , Merger ,Create PDF ,Merge Scanned Pages,Annotate PDF,Watermark on PDF",False,"prod",emulation,"Compatible","11.2.0.11225",https://apps.microsoft.com/detail/9nxldc0s10m2,,
"PDF Reader - View, Edit, Annotate by Xodo",False,"prod",native,"Compatible","6.3.1",https://xodo.com/free-trial,,
"PDF Reader - View, Edit, Share",False,"prod",emulation,"Compatible","1.23.2",https://apps.microsoft.com/detail/9nblggh67wlk,,
"PDF X",False,"business",emulation,"Compatible","1.3.59.0",https://apps.microsoft.com/detail/9p3cp9g025rm,,
"PDF-Xchange Editor",False,"prod",emulation,"Compatible","10.1.3",https://www.tracker-software.com/product/downloads,,
"PDF-Xchange Viewer",False,"prod",emulation,"Compatible","2.5",https://www.tracker-software.com/product/pdf-xchange-viewer,,
"PeaZip",False,"utils-tools",emulation,"Compatible","9.6.0",https://peazip.github.io/peazip-64bit.html,,
"Perforce",False,"dev-tools",emulation,"Compatible","234.253.4624",https://www.perforce.com/downloads/visual-merge-tool,,
"Perl",False,"dev-tools",emulation,"Compatible","v5.32.1",https://www.perl.org/,,
"PhotoFiltre 7",False,"creative",emulation,"Compatible","7.2.1",https://photofiltre-studio.com/pf7-en.htm,,
"PhotoScape",False,"creative",emulation,"Compatible","4.2.1",https://apps.microsoft.com/detail/9nblggh4twwg,,
"PhotoStage (Slideshow)",False,"creative",emulation,"Compatible","10.78",https://apps.microsoft.com/detail/9nmj14hd97h3,,
"Phototastic Collage",False,"creative",emulation,"Compatible","3.27.25.0",https://apps.microsoft.com/detail/9wzdncrcwftb,,
"PHP",False,"dev-tools",emulation,"Compatible","8.2.9",https://www.php.net/downloads.php,,
"Pic Collage",False,"photo",emulation,"Compatible","6.7.7.1110",https://apps.microsoft.com/detail/9nblggh34kdv,,
"PicPick ",False,"utils-tools",emulation,"Compatible","7.2.50",https://picpick.app/en/download/,,
"Picsart Photo Editor",False,"creative , photo",native,"Compatible","10.19.2.0",https://apps.microsoft.com/detail/9wzdncrfj10m,Picsart.png,
"Pinterest",False,"web-social",native,"Compatible","1.1.1",https://apps.microsoft.com/detail/9pfhdsf91b9r,,
"PIX",False,"dev-tools",native,"Compatible","2305.1",https://devblogs.microsoft.com/pix/download/,,
"PKWare SecureZip",False,"dev-tools",emulation,"Compatible","14.50.0010",http://www.pkware.com/zip/downloads/software/securezip-for-windows,,
"PlayHT",False,"utils-tools",native,"Compatible","1.0.1.0",https://apps.microsoft.com/detail/9msvx1xlwjgm,,
"PlayMemories Home",False,"creative",emulation,"Compatible","11.0.0.12211",https://support.d-imaging.sony.co.jp/www/disoft/int/download/playmemories-home/win/en/,,
"Plex Media Server",False,"entertainment",emulation,"Compatible","1.83.1.4061",https://www.plex.tv/media-server-downloads/,,
"Pod Castle",False,"entertainment",native,"Compatible","1.0.1.0",https://apps.microsoft.com/detail/9ntflpmqghst,,
"Polaris Office",False,"business",emulation,"Compatible","9.104.202.51765",https://polaris-office.fileplanet.com/download,,
"Polarr Photo Editor",False,"photo",emulation,"Compatible","5.11.7.0",https://apps.microsoft.com/detail/9nblggh6bgx8?hl=en-in&gl=IN,,
"Postgre SQL",False,"dev-tools",emulation,"Compatible","15.4",https://www.enterprisedb.com/downloads/postgres-postgresql-downloads/,,
"Postman",False,"dev-tools",emulation,"Compatible","10.16.0",https://www.postman.com/downloads/,,
"Potplayer",False,"entertainment",emulation,"Compatible","231220",https://potplayer.daum.net/,,
"Power2Go for Dell",False,"utils-tools",emulation,"Compatible","13.0.0718.0",https://cyberlink-power2go.en.softonic.com/,,
"Power Planner",False,"prod",emulation,"Compatible","2303.2.2.0",https://apps.microsoft.com/detail/9wzdncrfj25v,,
"Powershell",False,"utils-tools",native,"Compatible","7.4.1",https://apps.microsoft.com/detail/9mz1snwt0n5d,,
"PrimoPDF",False,"prod",emulation,"Compatible","14.18.1.41",https://www.gonitro.com/primopdf,,
"ProcDump",False,"dev-tools",emulation,"Compatible","v11.0",https://learn.microsoft.com/en-us/sysinternals/downloads/procdump,,
"Process Explorer",False,"utils-tools",native,"Compatible","v17.05",https://learn.microsoft.com/en-us/sysinternals/downloads/process-explorer,,
"Process Monitor",False,"utils-tools",native,"Compatible","3.94",https://learn.microsoft.com/en-us/sysinternals/downloads/procmon,,
"Project Plan 365",False,"business",emulation,"Compatible","23.41.1237.0",https://apps.microsoft.com/detail/9wzdncrdfc3m,,
"PsTools",False,"dev-tools",emulation,"Compatible","2.51",https://learn.microsoft.com/en-us/sysinternals/downloads/pstools,,
"Pulse Secure VPN",False,"vpn",native,"Compatible","9.1R14",https://forums.ivanti.com/s/article/KB44844,PulseSecureVPN.webp,
"Putty",False,"dev-tools",native,"Compatible","1.78.1.0",https://apps.microsoft.com/detail/xpfnzksklbp7rj,,
"PyCharm IDE",False,"dev-tools",native,"Compatible","2023.3.3",https://www.jetbrains.com.cn/en-us/pycharm/download/other.html,,
"Python",False,"dev-tools",emulation,"Compatible","3.11.4",https://www.python.org/ftp/python/3.11.9/python-3.11.9-arm64.exe,python.svg,
"PyTorch",False,"comms",native,"Compatible","2.3.0",https://github.com/pytorch/pytorch,,
"qBittorrent",False,"utils-tools",emulation,"Compatible","4.5.2",https://apps.microsoft.com/detail/9nfh4hjg2z9h,,
"QEMU",False,"dev-tools",emulation,"Compatible","20230810",https://qemu.weilnetz.de/w64/,,
"QlikView",False,"data-vis",native,"Compatible","nan",https://www.qlik.com/us/trial/download-qlikview,,
"QoBuz",False,"music",emulation,"Compatible","7.1.3-b010",https://apps.microsoft.com/detail/xp9csrsz9ps7x0,,
"QQ桌面版",True,"web-social",native,"Compatible","10.4",https://apps.microsoft.com/detail/xpfp03dhsn0s5k,qqBrowser.png,
"Qt",False,"oss ,  library ,  dev-tools",emulation,"Compatible","6.2",https://www.qt.io/,qt.svg,
"Quicken Deluxe",False,"prod",emulation,"Compatible","r52.33",https://www.quicken.com/product-selector/reverse-nst,,
"QuickLook",False,"prod",emulation,"Compatible","3.7.3",https://apps.microsoft.com/detail/9nv4bs3l1h4s,,
"R",False,"utils-tools",emulation,"Compatible","4.3.1",https://www.r-project.org/,,
"RaiDrive",False,"utils-tools",native,"Compatible","2023.9.16.8",https://www.raidrive.com/download,,
"Rainmeter",False,"utils-tools",emulation,"Compatible","4.5.18.3727",https://www.rainmeter.net/,,
"RAR Opener",False,"utils-tools",emulation,"Compatible","1.3.48.0",https://apps.microsoft.com/detail/9wzdncrdhktr,,
"Rar Zip Extractor Pro",False,"utils-tools",emulation,"Compatible","1.287.67.0",https://apps.microsoft.com/detail/9n5chvzqw8sd,,
"Read And Write",False,"accessibility",emulation,"Compatible","12.0.60",https://apps.microsoft.com/detail/9nblggh51w5n,,
"Real Player Plus",False,"entertainment",emulation,"Compatible","22.0.5",https://www.real.com/,,
"Real Writer & Reader",False,"accessibility",emulation,"Compatible","10.24",https://apps.microsoft.com/detail/9n91n2jqgbzv,,
"Reaper",False,"creative",emulation,"Compatible","7.07",https://www.reaper.fm/download.php,,
"Recuva",False,"utils-tools",emulation,"Compatible","1.53.2096",https://www.ccleaner.com/recuva/download,,
"Reddit",False,"web-social",native,"Compatible","1.0.1.0",https://apps.microsoft.com/detail/9ns3rbq5hv5f,,
"Reflector",False,"entertainment",emulation,"Compatible","4.1.1.163",https://www.airsquirrels.com/reflector/download,,
"Reimage Repair",False,"utils-tools",emulation,"Compatible","1.9.7.2",https://ccm.net/downloads/security-and-maintenance/diagnosis-and-monitoring/,,
"RekordBox",False,"audio ,  entertainment ,  creative",no,"Unsupported",,https://rekordbox.com,,
"Remote Desktop Connection Manager",False,"business",emulation,"Compatible","2.93",https://learn.microsoft.com/en-us/sysinternals/downloads/rdcman,,
"Remote Desktop Manager",False,"business",native,"Compatible","2023.3.35.0",https://apps.microsoft.com/store/detail/XPFCXHF337W98S?ocid=pdpshare,,
"RemotePC",False,"prod",emulation,"Compatible","7.6.79.3",https://apps.microsoft.com/detail/9phf0tdqfvhp?hl=en-in&gl=IN,,
"Respondus​",False,"education",emulation,"Compatible","4.0.9.06",https://web.respondus.com/support/download-respondus-4-0/,,
"Revo Uninstaller",False,"utils-tools",emulation,"Compatible","2.4.5",https://www.revouninstaller.com/?affChecked=1,,
"Rhino",False,"creative",emulation,"Compatible","8.3.24009.15001",https://www.rhino3d.com/download/,,
"Rize Time Tracker",False,"prod",emulation,"Compatible","1.1.43",https://apps.microsoft.com/detail/xpdc57ftxpm1p5,,
"RoboForm",False,"utils-tools",native,"Compatible","9.5.6.0",https://microsoftedge.microsoft.com/addons/detail/roboform-password-manager/ljfpcifpgbbchoddpjefaipoiigpdmag,,
"Rocket Dock",False,"utils-tools",emulation,"Compatible","1.3.5",https://www.filehorse.com/download-rocketdock/download/,,
"Roxio Creator NXT Pro",False,"utils-tools",emulation,"Compatible","22.0.177.0",https://www.roxio.com/en/products/creator/?x-vehicle=ppc&gclid=CjwKCAjw_YShBhAiEiwAMomsEHJArdIxYKiXH2b6LtKrWMl8MArVXysodYmWHpKKciGbhZ_ixjTsJhoCh8gQAvD_BwE,,
"Rstudio",False,"dev-enablement",emulation,"Compatible","2023.12.1+402",https://chromewebstore.google.com/detail/chrome-remote-desktop/inomeogfingihgjfjlpeplalcfajhgai,,
"Ruby",False,"dev-tools",emulation,"Compatible","3.2.2-1",https://rubyinstaller.org/downloads/,,
"Rust",False,"dev-tools",emulation,"Compatible","1.71.1",https://www.rust-lang.org/tools/install,,
"Sage 50 Accounting",False,"prod",native,"Compatible","nan",https://www.sage.com/en-us/products/sage-50cloud/,,
"Scratch 2 Offline Editor",False,"instructional",emulation,"Compatible","461",https://scratch.mit.edu/download/scratch2,,
"Scratch Desktop",False,"education",emulation,"Compatible","3.29.1.0",https://scratch.mit.edu/download,,
"Screen Recorder Lite",False,"prod",emulation,"Compatible","1.259.121.0",https://apps.microsoft.com/detail/9mvbdsj392f2,,
"Screen Recorder Pro For Win10",False,"utils-tools",emulation,"Compatible","2.0.8.0",https://apps.microsoft.com/detail/9n27gq6mls5s,,
"Seavus Project Viewer",False,"entertainment",emulation,"Compatible","19.1.0.51280",https://download.cnet.com/Seavus-Project-Viewer/3001-2076_4-10281000.html,,
"SecureCRT",False,"utils-tools",emulation,"Compatible","9.4.3.3219",https://www.vandyke.com/cgi-bin/releases.php?product=securecrt,,
"Shapr3D",False,"cad",native,"Compatible","5.480.5860.0",https://apps.microsoft.com/detail/9n4k9qfv4xfc,,
"SHARE.IT",False,"utils-tools",emulation,"Compatible","5.1.0.7",https://apps.microsoft.com/detail/xpfcdmx67w9pxl,,
"Shotcut",False,"photo",emulation,"Compatible","24.2.29.0",https://apps.microsoft.com/detail/9plnffl3p6lr,,
"Sibelius",False,"music",emulation,"Compatible","23.5.1.2446",https://my.avid.com/get/sibelius-ultimate-trial?returnUrl=%2fget%2fsibelius-ultimate-trial%2fDownloads,,
"Signal Application",False,"web-social",emulation,"Compatible","6.421.0",https://signal.org/download/windows/,,
"Silhouette Studio",False,"photo",emulation,"Compatible","4.5.770.001",https://www.silhouetteamerica.com/software,,
"Sketchable Plus",False,"creative",native,"Compatible","1.1.4",https://apps.microsoft.com/detail/9mzzlhtz5n02,,
"Sketchbook Pro",False,"creative",emulation,"Compatible","9.0.34",https://apps.microsoft.com/detail/9npqcdpgj6sz,,
"SketchUp",False,"creative",emulation,"Compatible","23.1.329",https://www.sketchup.com/try-sketchup,,
"Skolstil",False,"education",emulation,"Compatible","1.1.7.0",https://apps.microsoft.com/detail/9wzdncrdx2z1?query=Sketchable&hl=en-us&gl=US,,
"Slack",True,"collboration , business",native,"Compatible","4.38.87",https://apps.microsoft.com/detail/9wzdncrdk3wp,Slack.svg,
"SMADAV USB Anti-virus",False,"security",emulation,"Compatible","1.0.0.3",https://www.smadav.net/?page=download&lang=en,,
"Smart defrag",False,"utils-tools",emulation,"Compatible","9.2.0",https://www.iobit.com/en/iobitsmartdefrag.php,,
"SMART Notebook",False,"prod",emulation,"Compatible","23.2.1668.0",https://support.smarttech.com/downloads/notebook,,
"Snagit",False,"prod",emulation,"Compatible","24.0.1.555",https://www.techsmith.com/download-snagit-win-thankyou.html,,
"Snapchat",False,"web-social",native,"Compatible","2.0.1.0",https://apps.microsoft.com/detail/9pf9rtkmmq69,,
"Snapfish",False,"creative",emulation,"Compatible","6.1.736.0",https://apps.microsoft.com/detail/9wzdncrfhwlf,,
"Snipaste",False,"prod",emulation,"Compatible","2.8.8",https://apps.microsoft.com/detail/9p1wxpkb68kx,,
"Soda PDF Desktop",False,"prod",emulation,"Compatible","14.0.404.21553",https://support.sodapdf.com/hc/en-us/sections/360003496291-Download-Install,,
"Solidworks",False,"creative",native,"Compatible","nan",https://my.solidworks.com/try-solidworks,,
"SOLIDWORKS eDrawings",False,"multimedia",emulation,"Compatible","32.0.1.0003",https://www.solidworks.com/sw/support/edrawings/e2_downloadcheck.htm,,
"SoundCloud for Windows (Beta)",False,"music",native,"Compatible","2.0.0.0.",https://apps.microsoft.com/detail/9nvjbt29b36l,,
"Sound Forge",False,"creative",emulation,"Compatible","17.0.2",https://www.magix.com/us/music-editing/free-download/sound-forge-pro/,,
"Soundtrap",False,"music",native,"Compatible","1.1.18.0",https://apps.microsoft.com/detail/9nblggh1zgbl,,
"SourceTree",False,"dev-tools",emulation,"Compatible","3.4.14",https://sourcetreeapp.com/,,
"Spark Mail",False,"prod",emulation,"Compatible","3.13.5",https://apps.microsoft.com/detail/xpfcs9qjbkthvz,,
"Speccy",False,"sysinfo",emulation,"Compatible","1.32.0.803",https://apps.microsoft.com/detail/xpfft31d40mgfq,,
"Speedtest by Ookla",False,"utils-tools",emulation,"Compatible","V1.16.165.0",https://apps.microsoft.com/detail/9nblggh4z1jc,,
"Splashtop Streamer",False,"business",emulation,"Compatible","3.6.2.1",https://www.splashtop.com/streamer,,
"Splice",False,"musicvideos",emulation,"Compatible","5.0.6",https://splice.com/,,
"Spotify",False,"music ,  entertainment",native,"Compatible","1.219.941.0",https://apps.microsoft.com/detail/9ncbcszsjrsb,spotify.svg,
"Spybot Search & Destroy Professional Edition",False,"security",emulation,"Compatible","2.9.82.0",https://www.safer-networking.org/,,
"SQL SMSS",False,"dev-tools",native,"Compatible","19.1",https://learn.microsoft.com/en-us/sql/ssms/download-sql-server-management-studio-ssms?view=sql-server-ver16,,
sse2neon,False,"oss, dev-tools, library",native,"Compatible","b390e8a3de",https://github.com/DLTcollab/sse2neon,sse2neon.png,
"StaffPad",False,"creative",emulation,"Compatible","3.7.3.0",https://apps.microsoft.com/detail/9wzdncrddkrb,,
"Star Chart",False,"dev-tools",emulation,"Compatible","3.0.8.0",https://www.microsoft.com/store/productId/9WZDNCRDCGSF?ocid=pdpshare,,
"Steinberg Cubase",False,"audio",emulation,"Compatible","1.35.0",https://www.steinberg.net/cubase/trail/,,
"Streamlabs OBS",False,"entertainment",emulation,"Compatible","1.15.1.0",https://streamlabs.com/,,
"Sublime Text",False,"prod",emulation,"Compatible","4169",https://www.sublimetext.com/download,,
"Sumatra PDF",False,"utils-tools",native,"Compatible","3.5.2",https://www.sumatrapdfreader.org/downloadafter,,
"SUPERAntiSpyware Professional Edition",False,"security",emulation,"Compatible","10.0.1260",https://www.superantispyware.com/,,
"SuperCopier",False,"business",emulation,"Compatible","2.2.6.6",https://supercopier.en.lo4d.com/download,,
"Surfshark VPN",False,"vpn",native,"Compatible","5.2.0",https://apps.microsoft.com/detail/xp9kn848dqpdk9,Surfshark.svg,
"Sweet Home 3D",False,"multimedia",native,"Compatible","7.2",https://www.sweethome3d.com/download.jsp,,
"Symantec Endpoint Protection",False,"anti-virus",native,"Compatible","14.3 RU7",https://knowledge.broadcom.com/external/article/151364/download-symantec-enterprise-security-so.html,SymantecEndpointProtection.png,
"System Mechanic Professional",False,"utils-tools",emulation,"Compatible","24.0.0.7",https://www.iolo.com/products/system-mechanic-professional/,,
"Tableau Desktop",False,"prod",emulation,"Compatible","2023.2.2",https://www.tableau.com/products/desktop/download,,
"Tableau Reader",False,"prod",emulation,"Compatible","2023.3.0(2023.23.1017.0948)",https://www.tableau.com/products/reader/download,,
"Taskade",False,"prod",native,"Compatible","nan",https://apps.microsoft.com/detail/9p1jh1d9bg26,,
"Tcl/TK",False,"library ,  dev-tools",emulation,"Compatible","8.6.13.0000",https://www.activestate.com/products/tcl/downloads./,tcltk.svg,
"TD Snap",False,"accessibility",native,"Compatible","1.3",https://www.mytobiidynavox.com/Store/Snap,,
"TeamSpeak 3 Client",False,"utils-tools",emulation,"Compatible","3.6.1",https://apps.microsoft.com/detail/xpdcj80kgnrvss,,
"Team Viewer",False,"collboration",emulation,"Compatible","15.44.4",https://apps.microsoft.com/detail/xpdm17hk323c4x,,
"Telegram",False,"web-social",emulation,"Compatible","4.9.7.0",https://apps.microsoft.com/detail/9nztwsqntd0s,,
"Teletekst",False,"news",emulation,"Compatible","2.0.43.0",https://apps.microsoft.com/detail/9wzdncrfj87l,,
"TeraCopy",False,"utils-tools",emulation,"Compatible","3.17",https://apps.microsoft.com/detail/xpdccppsk2xpqw,,
"TextAloud",False,"accessibility",emulation,"Compatible","4.0.73",https://nextup.com/download.html,,
"TiDAL",False,"entertainment",emulation,"Compatible","2.36.2.0",https://apps.microsoft.com/detail/xpfpgsrwgpxm3j,,
"TightVNC",False,"remote-desktop",emulation,"Compatible","2.8.81",https://www.tightvnc.com/download.html,,
"TikTok",False,"web-social",native,"Compatible","1.0.5.0",https://apps.microsoft.com/detail/9nh2gph4jzs4,TikTok.png,
"Todoist: To-Do List and Task Manager",False,"prod",native,"Compatible","8.17.3",https://apps.microsoft.com/detail/xp99k37g9cwbdc,,
"Tor Browser",False,"web-social",emulation,"Compatible","13.0.8",https://www.techspot.com/downloads/downloadnow/5183/?evp=e19d78f472c7637e1243adc039972774&file=5613,,
"TortoiseGit",False,"utils-tools",native,"Compatible","2.15.0.0",https://tortoisegit.org/,,
"Tortoise SVN",False,"dev-tools",native,"Compatible","1.14.5",https://tortoisesvn.net/downloads.html,,
"Total Commander",False,"utils-tools",emulation,"Compatible","11.02",https://www.ghisler.com/download.htm,,
"Total PC Cleaner - Free Disk Space Clean Up, Optimize Memory & Windows System",False,"prod",emulation,"Compatible","3.0.0.0",https://apps.microsoft.com/detail/9nb3xctl0rwd,,
"TouchMail",False,"prod",emulation,"Compatible","10.2211.9.0",https://apps.microsoft.com/detail/9wzdncrfj4p3,,
"TouchVPN",False,"vpn",emulation,"Compatible","1.1.14",https://apps.microsoft.com/detail/9nblggh5gb3f,TouchVPN.svg,
"Transkriptor",False,"utils-tools",native,"Compatible","1.1.3.0",https://apps.microsoft.com/detail/9nmw9frr91kh,,
"TranslucentTB",False,"personal",native,"Compatible","2023.2.0.0.",https://apps.microsoft.com/detail/9pf4kz2vn4w9,,
"Trello",False,"business",emulation,"Compatible","2.14.5.0",https://apps.microsoft.com/detail/9nblggh4xxvw,,
"Trio Office: Word, Slide, Spreadsheet & PDF Compatible",False,"prod",emulation,"Compatible","3.3.7.0",https://apps.microsoft.com/detail/9p9f6dzjbblj,,
"TuneIn Radio",False,"entertainment",emulation,"Compatible","4.0.7.0",https://apps.microsoft.com/detail/9wzdncrfj3sf,,
"TurboTax",False,"personalfin",native,"Compatible","nan",https://myturbotax.intuit.com/sign-up/,,
"Twitch",False,"entertainment",emulation,"Compatible","0.117.5",https://www.twitch.tv/downloads,,
"Twitter",False,"web-social",native,"Compatible","7.0.1.0",https://apps.microsoft.com/detail/9wzdncrfj140,,
"TypingMaster Pro",False,"education",emulation,"Compatible","11",https://www.typingmaster.com/typing-tutor/free-download.html,,
"Typora",False,"utils-tools",native,"Compatible","1.8.5",https://typora.io/,,
"Ubuntu",False,"dev-tools",native,"Compatible","22.04.2 LTS",https://apps.microsoft.com/detail/9pdxgncfsczv?hl=en-in&gl=in,,
"Ultimaker Cura",False,"multimedia",emulation,"Compatible","5.6.0",https://ultimaker.com/software/ultimaker-cura/,,
"UltraEdit",False,"prod",emulation,"Compatible","30.2.0.27",https://www.ultraedit.com/downloads/ultraedit-download-thank-you/,,
"UltraISO Premium Edition",False,"creative",emulation,"Compatible","9.76",https://www.ultraiso.com/download.html,,
"UltraViewer",False,"utils-tools",emulation,"Compatible","6.6.61",https://www.ultraviewer.net/en/,,
"UltraVnc",False,"remote-desktop",emulation,"Compatible","1.4.3.6",https://uvnc.com/component/jdownloads/send/0-/439-ultravnc-1409-x86-setup.html?Itemid=0,,
"UmmyVideoDownloader",False,"utils-tools",emulation,"Compatible","1.16.16",https://videodownloader.ummy.net/,,
"Unigram",False,"creative",emulation,"Compatible","10.1",https://apps.microsoft.com/detail/9n97zckpd60q?hl=en-in&gl=IN,,
"unikey",False,"utils-tools",emulation,"Compatible","4.6.2.0",https://apps.microsoft.com/detail/9n4sdqch559b,,
"Unity Editor",False,"creative ,  dev-tools",native,"Compatible","2023.3 beta",https://unity.com/releases/editor/beta,UnityEditor.svg,
"Unpacker",False,"utils-tools",native,"Compatible","1.1.14.24",https://apps.microsoft.com/detail/9wzdncrdq97t,,
"UnRar Windows",False,"utils-tools",emulation,"Compatible","6.24",https://unrar.org/download/,,
"USB Disk Security",False,"utils-tools",emulation,"Compatible","3.00.",https://www.kakasoft.com/usb-security/,,
"uTorrent",False,"utils-tools",emulation,"Compatible","3.6.0.46922",https://www.utorrent.com/desktop/,,
"Viber",False,"web-social",emulation,"Compatible","21.1.0.11",https://apps.microsoft.com/detail/xpfm5p5kdwf0jp,,
"VideoPad Video Editor",False,"entertainment",emulation,"Compatible","13.8.0.0",https://apps.microsoft.com/detail/9n3blc6d9v3s,,
"VideoProc",False,"utils-tools",emulation,"Compatible","5.7.0.0",https://filecr.com/windows/videoproc/?id=532587256000,,
"ViewNX 2",False,"creative",emulation,"Compatible","2.0.3",https://filehippo.com/download_nikon-viewnx-2/post_download/?nodl=1,,
"VIM",False,"dev-tools",emulation,"Compatible","9.0.0000",https://www.vim.org/download.php,,
"Virtual DJ",False,"entertainment",emulation,"Compatible","26002.1",http://www.virtualdj.com/download/,,
"Visual Studio",False,"dev-tools",native,"Compatible","16.3.6.1949",https://apps.microsoft.com/detail/xpdc1mtsbzz97k?hl=en-in&gl=IN,VisualStudio.svg,
"Visual Studio Code",False,"dev-tools",native,"Compatible","1.81.1.0",https://apps.microsoft.com/detail/xp9khm4bk9fz7q,VisualStudioCode.svg,
"VitalSource Bookshelf",False,"education",emulation,"Compatible","10.4.28.0",https://apps.microsoft.com/detail/9n3blc6d9v3s,,
"Vivaldi Browser",False,"web-social",native,"Compatible","6.1",https://apps.microsoft.com/store/detail/vivaldi-browser/XP99GVQDX7JPR4,,
"VLC",False,"entertainment",native,"Compatible","3.0.20",https://apps.microsoft.com/detail/xpdm1zw6815mqm,vlc.svg,
"VMware Carbon Black Cloud",False,"anti-virus",native,"Compatible","3.9.0.2357",https://docs.vmware.com/en/VMware-Carbon-Black-Cloud/services/cbc-sensor-installation-guide/GUID-76272E42-E534-47AD-8654-B2F3B5682806.html,VMwareCarbonBlackCloud.webp,
"VMWare Horizon",False,"vpn",emulation,"Compatible",,https://customerconnect.omnissa.com/downloads/details?downloadGroup=CART25FQ2_WIN_2406&productId=1027&rPId=118762,vmwarehorizon.jpg,
"VMWare Workspace ONE UEM",False,"it",native,"Compatible","23.2.8.0",https://www.getwsone.com/,VMWareWorkspaceONEUEM.png,
"VNC Enterprise Edition",False,"business",emulation,"Compatible","4.6.3",https://www.realvnc.com/en/connect/download/vnc/,,
"VNC Server",False,"business",emulation,"Compatible","7.8.0.51458",https://www.realvnc.com/en/connect/download/vnc/,,
"VNC Viewer",False,"remote-desktop",emulation,"Compatible","7.7.0",https://apps.microsoft.com/detail/xp99dvcpgktxnj,,
"VPN Pro - Best Free VPN & Unlimited Wifi Proxy",False,"vpn",emulation,"Compatible","1.1.0.0",https://apps.microsoft.com/detail/9nhl6d6j4kds,VPNPro.png,
"VPN Unlimited - Secure & Private Internet Connection for Anonymous Web Surfing",False,"vpn",emulation,"Compatible","9.2.5.0",https://apps.microsoft.com/detail/9nrqblr605rg,VPNUnlimited.png,
"VSDC Free Video Editor",False,"multimedia",emulation,"Compatible","8.3.9.514",https://www.videosoftdev.com/free-video-editor/download,,
"VUDU",False,"entertainment",native,"Compatible","3.0.1.0",https://apps.microsoft.com/detail/9nblggh4v68b,,
"Wattpad",False,"creative",emulation,"Compatible","2.1.1367.0",https://apps.microsoft.com/detail/9nblggh6gm17,,
"Wave Browser",False,"web-social",emulation,"Compatible","92.0.4515.159",https://wavebrowser.com/,,
"Wave Editor",False,"entertainment",emulation,"Compatible","4.3.0.1",https://www.wave-editor.com/,,
"Web Companion",False,"security",emulation,"Compatible","12.1.2.991",https://webcompanion.com/en/,,
"Webex Teams",False,"business",emulation,"Compatible","15.44.4",https://apps.microsoft.com/detail/xpdlzv7r88ff1p,,
"WeDo 2.0 LEGOÂ® Education",False,"education",emulation,"Compatible","1.9.738",https://apps.microsoft.com/detail/9nblggh6gs8s,,
"WhatsApp",False,"web-social",native,"Compatible","2.2421.1.0",https://apps.microsoft.com/detail/9nksqgp7f2nh,WhatsApp.svg,
"Widget Launcher",False,"prod",native,"Compatible","4.0.5",https://apps.microsoft.com/detail/9wzdncrdqfbt,,
"WiFi Analyzer",False,"utils-tools",emulation,"Compatible","2.7.2.0",https://apps.microsoft.com/detail/9nblggh33n0n,,
"Wikipedia",False,"books",native,"Compatible","1.0.1.0",https://apps.microsoft.com/detail/9wzdncrfhwm4,,
"Winamp",False,"entertainment",emulation,"Compatible","5.9.2",https://www.winamp.com/downloads/,,
"WinApp Driver",False,"dev-tools",native,"Compatible","1.2.99",https://github.com/microsoft/WinAppDriver/releases/tag/v1.2.99,,
"WinDBG",False,"dev-tools",emulation,"Compatible","1.2306.12001.0",https://learn.microsoft.com/en-us/windows-hardware/drivers/debugger/,,
"WinDirStat",False,"dev-tools",emulation,"Compatible","1.1.2.80",https://windirstat.net/download.html,,
"Windows Community Toolkit",False,"utils-tools",native,"Compatible","8.0.2",https://apps.microsoft.com/detail/9nblggh4tlcq,,
"Windows Essentials Media Codec Pack",False,"utils-tools",native,"Compatible","2.0.0",https://www.mediaplayercodecpack.com/standard/,,
"Windows Performance Analyzer",False,"dev-tools",emulation,"Compatible","11.1.5.1",https://apps.microsoft.com/detail/9n0w1b2bxgnz,,
"Windows Terminal",False,"dev-tools",native,"Compatible","1.19.10821.0",https://apps.microsoft.com/detail/9n0dx20hk701,,
"Windscribe",False,"prod",native,"Compatible","2.8.6",https://windscribe.com/,,
"WinMerge",False,"utils-tools",native,"Compatible","2.16.40.0",https://winmerge.org/downloads/?lang=en,,
"WinRar",False,"utils-tools",emulation,"Compatible","6.23",https://www.win-rar.com/download.html?&L=0,,
"WinSCP",False,"utils-tools",emulation,"Compatible","6.1.2",https://winscp.net/eng/index.php,,
"WinZip",False,"utils-tools",emulation,"Compatible","28",https://www.winzip.com/en/pages/download/,,
"WinZip Driver Updater",False,"utils-tools",emulation,"Compatible","5.43.0.6",https://www.winzipdriverupdater.com/?utm_source=google&utm_medium=cpc&utm_campaign=wzu-dd-all-adwordsppc&utm_content=10758148194&utm_term=winzip%20driver%20updater&utm_id=126266994&gclid=Cj0KCQjw_r6hBhDdARIsAMIDhV-fzgPAoJrkRIZ7iVFx6VUSOBGzCuY9PDvvclgjPEGUEMJdVWQvrD4aAlW8EALw_wcB,,
"WinZip Registry Optimizer",False,"utils-tools",emulation,"Compatible","4.22.2.22",https://www.winzipregistryoptimizer.com/?utm_source=google&utm_medium=cpc&utm_campaign=wzu-dd-all-adwordsppc&utm_content=6168407874&utm_term=winzip%2520registry%2520optimizer&utm_id=126266994&gclid=Cj0KCQjw_r6hBhDdARIsAMIDhV9y6D3oNFVibIrm_5BpGbS_Ee8jClwDDLDxbX4Mu9Y6f5Xn2Mm3KUYaAhBTEALw_wcB,,
"WinZip System Utilities Suite",False,"utils-tools",emulation,"Compatible","4.0.1.4",https://www.winzipsystemtools.com/sus/bdfeat2/index.php?lang=en&utm_source=google&utm_medium=cpc&utm_campaign=wzu-dd-all-adwordsppc&utm_content=141848268418&utm_term=winzip%20utilities&utm_id=126266994&gclid=Cj0KCQjw_r6hBhDdARIsAMIDhV-QPLqLJpgcsLKzutlZdWJTwyExthXlGXQzQvWAFMRLNvE1pr5G5XsaAutkEALw_wcB,,
"WireShark",False,"dev-tools",emulation,"Compatible","4.0.7",https://2.na.dl.wireshark.org/win64/Wireshark-win64-4.0.7.exe,,
"Wise Care 365",False,"security",emulation,"Compatible","6.6.6.636",https://www.wisecleaner.com/wise-care-365.html,,
Wix Toolset,False,"oss, dev-tools, library",native,"Compatible",,https://wixtoolset.org/,wix.svg,
"Wondershare filmora",False,"video",emulation,"Compatible","13.0.56.5836",https://apps.microsoft.com/detail/xp8jnpkgtv6nrl,,
"Wondershare PDFelement 7 Pro",False,"business",emulation,"Compatible","10.2.2",https://pdf.wondershare.com/index-b.html,,
"Wondershare Recoverit",False,"utils-tools",emulation,"Compatible","10.5.4.9",https://apps.microsoft.com/detail/xp8911h84bkskj,,
"Wondershare UniConverter",False,"photo",emulation,"Compatible","13.5.1",https://apps.microsoft.com/detail/xpfp30kl61d4sc,,
"WordPerfect Office",False,"prod",emulation,"Compatible","21.0.0.81",https://www.wordperfect.com/en/product/office-suite/,,
"Workplace Chat",False,"business",native,"Compatible","1.0.0.0",https://www.workplace.com/help/work/155791371664698,,
"WSL",False,"dev-tools",native,"Compatible","1.2.5.0",https://apps.microsoft.com/store/detail/windows-subsystem-for-linux/9P9TQF7MRM4R?hl=en-in&gl=in,,
"XMIND",False,"prod",emulation,"Compatible","24.1.13311",https://apps.microsoft.com/detail/xpffbj2c6b1jgr,,
"Xnote StopWatch",False,"prod",emulation,"Compatible","1.69b7",https://apps.microsoft.com/detail/9n81ddgsj2xj?launch=true&mode=full&hl=en-us&gl=in&ocid=bingwebsearch,,
"Xnote Timer",False,"utils-tools",emulation,"Compatible","1.69b7",https://www.microsoft.com/store/productId/9N81DDGSJ2XJ?ocid=pdpshare,,
"XnView",False,"creative",emulation,"Compatible","2.51.5",https://www.xnview.com/en/,,
"Xshell",False,"utils-tools",emulation,"Compatible","7.0.0144",https://en.lo4d.com/windows/ssh-telnet-clients,,
"XVid",False,"entertainment",emulation,"Compatible","1.3.7",https://www.xvid.com/download/,,
"Yandex",False,"web-social",emulation,"Compatible","2.0.1",https://www.moosoft.com/get/yandex-browser/,,
"Yoodli",False,"accessibility",emulation,"Compatible","1.38.0",https://apps.microsoft.com/detail/xp9c8b2vjtch5n,,
"Youtube Downloader HD",False,"entertainment",emulation,"Compatible","5.4.3",https://youtubedownloaderhd.com/download.html,,
"Zabaware Text-to-Speech Reader",False,"accessibility",emulation,"Compatible","2",https://www.zabaware.com/reader/,,
"Zalo",False,"web-social",emulation,"Compatible","23.12.1.0",https://zalo.me/pc,,
"Zapya PC",False,"utils-tools",emulation,"Compatible","1.2.6.0",https://apps.microsoft.com/detail/9nblggh3v9m6?hl=en-in&gl=IN,,
"Zoom",True,"collboration",native,"Compatible","5.15.7(20303)",https://apps.microsoft.com/detail/xp99j3kp4xz4vv,Zoom.png,
"Zoom Rooms",False,"collboration",emulation,"Compatible","5.16.10",https://zoomgov.com/zoomrooms/software,,
"Zoom VDI",False,"utils-tools",emulation,"Compatible","5.16.24500",https://support.zoom.com/hc/en/article?id=zm_kb&sysparm_article=KB0063810,,
"zotero",False,"education",emulation,"Compatible","6.0.30",https://www.zotero.org/download/,,
"Zscaler Client Connector",False,"vpn",native,"Compatible","4.0",https://help.zscaler.com/client-connector/understanding-zscaler-client-connector-app-downloads,ZscalerClientConnector.svg,
