slug,name,type,icon,categories,publisher,compatibility,emulationType,versionFrom,link,validation,lastUpdated
wondersharemiaoying,万兴喵影 (Wondershare MiaoYing),application,,creative,"万兴科技集团股份有限公司 (Wondershare Technology Group Co., Ltd.)",yes,emulation,15.15.3.20.186,https://miao.wondershare.cn/,qualcomm,2026-04-20
birdpaper,小鸟壁纸 (BirdPaper),application,,it-tools-vdi,成都盈畅时代文化传播有限公司,yes,emulation,3.1125.2612.903,https://www.birdpaper.cn/index/index,qualcomm,2026-04-15
smartlingxi,聪明灵犀 (Smart Lingxi),application,,prod,南宁协力信息科技有限公司,yes,native,3.7.9.114,https://lestore.lenovo.com/detail/L121481,qualcomm,2026-03-10
cloudexamcomputer,云考点计算机 (Cloud Exam Computer),application,,education,郑州卓快教育科技有限公司,yes,emulation,2021.8.16,https://lestore.lenovo.com/detail/26334,qualcomm,2026-05-08
tomatoreinstallsystem,番茄一键装机 (TomatoReinstall System),application,,it-tools-vdi,一匹黑马,yes,native,1.0.0.30,http://www.fanqiexitong.net,qualcomm,2026-03-24
letsvpn,LetsVPN,application,,vpn,Lets,yes,emulation,6.4.3.0,https://b4zk7yqa.onelink.me/Lm5M/khng1wzk,qualcomm,2025-06-30
posterdesignmaster,海报设计大师 (Poster Design Master),application,,prod,"武汉网幂科技有限公司 (Wuhan Net Power Technology Co., Ltd.)",yes,emulation,1.1.0.0,https://apps.microsoft.com/detail/9mwtn4zwrs4x?hl=zh-cn&gl=CN&ocid=pdpshare,qualcomm,2025-05-27
acfunacfunlivecompanion,AcFun直播伴侣 (AcFun Live Companion),application,,entertainment,北京弹幕网络科技有限公司,yes,emulation,1.9.0.200,https://www.acfun.cn/app/#live,qualcomm,2025-11-11
ivcam,iVCam,application,,it-tools-vdi,上海颐图信息技术有限公司,yes,emulation,7.3.7,https://www.e2esoft.cn/downloads/,qualcomm,2025-09-22
tencentcodebuddy,Tencent CodeBuddy,application,,ai-tool,腾讯 (Tencent),yes,emulation,4.6.1,https://www.codebuddy.cn/ide/,qualcomm,2026-03-25
wgestures,Wgestures,application,,it-tools-vdi,应元东,yes,emulation,1.8.5.0,https://www.yingdev.com/projects/wgestures,qualcomm,2025-09-24
clashvergerev,Clash Verge Rev,application,,vpn,Clash Verge Rev,yes,native,2.4.2,https://www.clashverge.dev/,qualcomm,2025-09-24
11211platform2,11平台2 (11 Platform 2),application,,entertainment,上海青蔓网络科技有限公司,yes,emulation,2.6.2.51,https://www.5211game.com/,qualcomm,2025-10-21
16881688merchantworkbench,1688商家工作台 (1688 merchant workbench),application,,personalfin,阿里巴巴 (Alibaba),yes,emulation,7.50.27Z,https://cxt.1688.com/shangjpc.html,qualcomm,2026-02-05
3737onlinegamebox,37网游盒子 (37 online game box),application,,entertainment,上海硬通网络科技有限公司,yes,emulation,7.2.0.0,https://yxtgg.gamepk37.com,qualcomm,2025-10-22
3dhomeloginbeta,3DHomeLogin -beta,application,,prod,广东三维家信息科技有限公司,yes,emulation,2.4.2,https://www.3vjia.com/solve/cloudDesign,qualcomm,2025-10-22
abcabcdigitalhealthcloud,ABC数字医疗云 (ABC Digital Health Cloud),application,,prod,成都字节流科技有限公司,yes,emulation,2.3.2,https://www.abcyun.cn/client-download,qualcomm,2025-10-22
aiaidiskcleanup,AI磁盘清理 (AI Disk Cleanup),application,,it-tools-vdi,成都霁悦科技有限公司,yes,emulation,1.4825.1095.718,https://aiclean.jyrich.com/,qualcomm,2025-10-29
apifox,Apifox,application,,web-social,广州睿狐科技有限公司,yes,emulation,2.7.44,https://www.apifox.cn/index.html,qualcomm,2025-10-21
apipost,Apipost,application,,prod,"北京北极狐信息科技有限公司 (Beijing Arctic Fox Information Technology Co., Ltd.)",yes,emulation,8.2.5,https://www.apipost.cn,qualcomm,2025-10-29
1yiyunwhiteboardversion1,艺云白板版本1 (Yiyun whiteboard version 1),application,,education,"京东方艺云科技有限公司 (BOE Art Cloud Technology Co., Ltd.)",yes,emulation,1.10.0,http://school.boeyiyun.com/#/appDownLoad,qualcomm,2026-04-30
cadcadminiview,CAD迷你看图 (CAD mini view),application,,prod,上海晓材科技有限公司,yes,emulation,2025R3.1,https://www.olcad.com,qualcomm,2025-10-22
baixiaowang,百小望 (Baixiaowang),application,,personalfin,百望股份有限公司,yes,emulation,2.0.1.1,https://www.baiwang.com/official_website/cpxz.html,qualcomm,2026-03-11
colorxcolorximageeditingassistant,ColorX图片编辑助手 (ColorX Image Editing Assistant),application,,prod,天津诚汇科技有限公司,yes,emulation,1.0.0.108,https://colorx.cityhuitech.com/,qualcomm,2025-10-23
coremailcoremailmailclientsoftwarev40version,Coremail论客邮箱 (Coremail Mail Client Software V4.0 version),application,,prod,"广东盈世计算机科技有限公司 (Guangdong Win-e Network Technology Co., Ltd.)",yes,emulation,4.2.1.137,https://www.lunkr.cn/download.html#email,qualcomm,2025-11-26
desktopsharedesktopsharedesktopscreensharingsoftware,DeskTopShare桌面屏幕共享软件 (DeskTopShare desktop screen sharing software),application,,it-tools-vdi,Yinrg.NET,yes,emulation,2.8.2.2,http://yinrg.net/desktopshare/,qualcomm,2025-10-24
dustawaydustawaycleanup,DustAway清理 (DustAway cleanup),application,,it-tools-vdi,重庆赫赫有盾科技有限公司,yes,emulation,1.0.0.106,https://dustaway.heheshield.com/,qualcomm,2025-10-28
easyhidereasyhiderfilevault,Easyhider文件保险柜 (Easyhider File Vault),application,,it-tools-vdi,天津拂云科技有限公司,yes,emulation,1.0.0.106,https://lestore.lenovo.com/detail/L104721,qualcomm,2026-02-10
eccrm,EC CRM,application,,engineering,深圳市六度人和科技有限公司,yes,emulation,15.6.5.0,https://www.scrm.com/download.html,qualcomm,2025-10-22
ediary,eDiary,application,,creative,白日梦工作室,yes,emulation,4.3.8,https://www.haoxg.net/download.php,qualcomm,2025-11-11
storesound,店音 (Store sound),application,,prod,深圳助你科技有限公司,yes,emulation,2017,https://www.storesound.com/product,qualcomm,2026-04-30
infoflow,如流 (InfoFlow),application,,prod,百度 (Baidu),yes,emulation,6.3.61,https://infoflow-commercial.baidu.com/newweb/download/#/sass-download,qualcomm,2026-04-01
v8merchantcashregisterv8,商户收银宝V8 (Merchant Cash Register V8),application,,prod,商户收银宝V8,yes,emulation,1.34.57,https://www.nakesoft.com/shangbaoxz/,qualcomm,2026-04-30
huataionlinetrading,华泰网上交易 (Huatai online trading),application,,personalfin,"深圳市财富趋势科技股份有限公司 (Shenzhen Fortune Trend Technology Co., Ltd.)",yes,emulation,8.44,https://www.htsc.com.cn/site-services/downloads,qualcomm,2025-11-06
uuuubrowser,UU浏览器 (UU Browser),application,,web-social,深圳科为软件技术有限公司,yes,native,2.12.5.0,https://browser.lanzouq.com/i3nlJ35v584h,qualcomm,2025-10-31
tsmaster,TSMaster,application,,engineering,TOSUN,yes,emulation,2025.9.28.166,https://www.tosunai.com/downloads/,qualcomm,2025-10-22
pixpinwindowspixpinwindowsversion,PixPin Windows版本 (PixPin Windows version),application,,prod,深圳市深度图景科技有限公司,yes,emulation,2.0.0.3,https://pixpin.cn/,qualcomm,2025-10-30
tplus2023tplusbrowser2023,T+浏览器2023 (T+ Browser 2023),application,,web-social,畅捷通信息技术股份有限公司 (Chanjet Information Technology Company Limited),yes,emulation,95.1588.15.8,https://t.chanjet.com/tplus/view/login/downloadBrowser.html,qualcomm,2025-10-21
dsr1dsoneclicklocaldeploymentr1fullpowerversion,DS一键本地部署-R1满血版 (DS One-Click Local Deployment - R1 Full-Power Version),application,,ai-tool,长沙小番茄科技有限公司,yes,emulation,5.0.0.22,https://lestore.lenovo.com/detail/L118568?origin=pcstore_copylink,qualcomm,2026-04-16
rarrarunzip,RAR解压缩 (RAR Unzip),application,,it-tools-vdi,江下信息科技（惠州）有限公司,yes,emulation,5.3.5.0,https://lestore.lenovo.com/detail/L117296?origin=pcstore_copylink,qualcomm,2025-12-04
jzmouseclick,鼠标连点器大师 (JZ Mouse Click),application,,it-tools-vdi,江下信息科技（惠州）有限公司,yes,emulation,2.6.7.0,https://lestore.lenovo.com/detail/L116834,qualcomm,2025-11-11
wifiwifimasterkey,WiFi万能钥匙 (Wifi Master Key),application,,it-tools-vdi,上海连尚网络科技集团有限公司 (LinkSure Network),yes,emulation,2.0.8,https://lestore.lenovo.com/detail/12101,qualcomm,2025-11-11
16881688alibuyer,1688买家工作台 (1688 AliBuyer),application,,personalfin,阿里巴巴 (Alibaba),yes,emulation,10.01.22Y,https://lestore.lenovo.com/detail/L104597,qualcomm,2025-11-11
123123speedbrowser,123加速浏览器 (123 Speed Browser),application,,it-tools-vdi,佛山市鑫卓讯软件科技有限公司,yes,emulation,3.80.18.200,https://lestore.lenovo.com/detail/L102331,qualcomm,2025-11-11
windowscwindowsutilities,Windows实用工具·C盘清理 (Windows Utilities),application,,it-tools-vdi,北京科德威曼科技有限公司,yes,emulation,4.0.1.24,https://lestore.lenovo.com/detail/L114633,qualcomm,2025-11-11
wenxinyiyan,文心一言 (Wenxinyiyan),application,,ai-tool,百度 (Baidu),yes,native,1.0.0.1,https://yiyan.baidu.com,qualcomm,2026-03-23
4k4kscreenrecoder,4K录屏 (4K Screen Recoder),application,,it-tools-vdi,天津迅读科技有限公司,yes,emulation,2.0.0.9,https://lestore.lenovo.com/detail/L104453,qualcomm,2025-11-11
officeaiofficeai,Office AI助手 (Office AI),application,,it-tools-vdi,珠海海鹦安全科技有限公司,yes,emulation,0.5.08,https://lestore.lenovo.com/detail/L109130,qualcomm,2025-11-11
uninstalleruninstallertool,Uninstaller卸载工具 (Uninstaller tool),application,,it-tools-vdi,江下信息科技（惠州）有限公司,yes,emulation,2.3.0.0,https://lestore.lenovo.com/detail/L117716,qualcomm,2025-11-11
wpswpsphotoplus,WPS图片 (WPS Photo+),application,,prod,金山软件 (Kingsoft Corporation),yes,emulation,6.0.0.1,https://lestore.lenovo.com/detail/26335,qualcomm,2025-11-11
zipsuperzip,Zip解压缩专家 (SuperZip),application,,prod,"深圳市极智人生科技有限公司 (Shenzhen Super Intellectual Life Technology Co., Ltd.)",yes,emulation,1.1.2.5,https://www.cpanx.com/product/super_zip.html#download,qualcomm,2025-11-11
rwkvrwkvcomposer,RWKV作曲家 (RWKV Composer),application,,creative,深圳元始智能有限公司,yes,native,1.6.8,https://www.rwkv.cn/,qualcomm,2025-11-11
waizipswaizips,WaiZips-免费压缩解压软件 (WaiZips),application,,it-tools-vdi,广西南宁渠缤信息技术有限公司,yes,emulation,1.0.11,https://lestore.lenovo.com/detail/L118591?origin=pcstore_copylink,qualcomm,2025-11-11
flashflashcenter,Flash中心 (Flash Center),application,,entertainment,重庆重橙网络科技有限公司,yes,emulation,3.8.3.34,https://lestore.lenovo.com/detail/L120426?origin=pcstore_copylink,qualcomm,2025-11-11
tplustplusbrowser,T+浏览器 (T+ Browser),application,,web-social,畅捷通信息技术股份有限公司 (Chanjet Information Technology Company Limited),yes,emulation,2.000.000.000,https://apps.microsoft.com/detail/XP99RSTM45CNXR?hl=zh-Hans-CN&gl=CN&ocid=pdpshare,qualcomm,2025-10-22
evevscreenmirror,EV投屏 (EV Screen Mirror),application,,entertainment,湖南一唯信息科技有限公司,yes,emulation,2.3.3,https://www.ieway.cn/evscreenmirror.html,qualcomm,2025-12-03
flomoflomo,flomo卡片笔记 (flomo),application,,education,上海仙蒂网络科技有限公司,yes,emulation,5.25.121,https://flomoapp.com/,qualcomm,2025-12-11
bigfoot,魔兽世界大脚 (Bigfoot),application,,prod,北京多美天下文化传媒有限公司,yes,emulation,7.5.19.19,https://bigfoot.178.com/wow/index.html,qualcomm,2026-03-23
voavoanormalspeedenglish,VOA常速英语 (VOA Normal Speed English),application,,education,北京爱语吧科技有限公司 (iYuba),yes,emulation,1.1.0,https://lestore.lenovo.com/detail/L100587,qualcomm,2025-12-23
migimigi,Migi时间轴手账 (Migi),application,,prod,广州市奇乐库科技有限公司,yes,emulation,1.5.1,https://www.kirakuapp.com/migi/,qualcomm,2025-12-15
pdfcadpdfcatcadconverter,PDF猫CAD转换器 (PDFCat CAD Converter),application,,prod,厦门中数华森信息技术有限公司,yes,emulation,1.2.0.8,https://apps.microsoft.com/detail/XPFP3V0D8T98MD?hl=zh-Hans-CN&gl=CN&ocid=pdpshare,qualcomm,2025-12-16
shenqigoodsdownloader,神奇电商宝贝下载软件 (Shenqi Goods Downloader),application,,it-tools-vdi,北京神奇像素科技有限公司,yes,emulation,3.0.0.411,https://shenqixiangsu.com/product/10030/index.html,qualcomm,2026-01-07
vipkidvipkidlearningcenter,VIPKID学习中心 (VIPKID Learning Center),application,,education,北京大米未来科技有限公司,yes,emulation,3.2.3,https://www.vipkid.com.cn/learningcenter,qualcomm,2025-12-29
mp3mp3cutterandjoiner,MP3剪切合并大师 (MP3 Cutter and Joiner),application,,it-tools-vdi,yyzsoft,yes,emulation,2025.3,https://apps.microsoft.com/detail/XPDLP4W0QFZHHK?hl=zh-Hans-CN&gl=CN&ocid=pdpshare,qualcomm,2025-12-29
aibaiduaiinterpretationassistant,百度AI同传会议版 (Baidu AI Interpretation Assistant),application,,prod,百度 (Baidu),yes,emulation,1.7.0,https://tongchuan.baidu.com/?ref=aidh.net,qualcomm,2025-12-29
seewoclassassistant,希沃课堂助手 (Seewo Class Assistant),application,,education,广州视睿电子科技有限公司 (Guangzhou Shirui Electronic Technology Company Limited),yes,emulation,0.0.125,https://e.seewo.com/#,qualcomm,2025-12-29
jianluformatfactory,简鹿格式工厂 (Jianlu Format Factory),application,,entertainment,惠州市繁星灿灿科技有限公司,yes,emulation,1.0.6.0,https://www.jianlu365.com/installed/formatfactory.html?fn=JLFormatFactory_fy902c5277e9.exe,qualcomm,2025-12-29
pdfjisupdfeditor,极速PDF编辑器 (Jisu PDF Editor),application,,prod,北京海腾时代科技有限公司,yes,emulation,3.0,https://www.jisupdf.com/zh-cn/,qualcomm,2025-12-29
fangcloud,亿方云 (Fang Cloud),application,,web-social,杭州三六零亿方智能有限公司,yes,emulation,6.69.539,https://www.fangcloud.com/cmshome/download.html,qualcomm,2025-12-30
evevimagebrowser,EV图片浏览器 (EV Image Browser),application,,prod,湖南一唯信息科技有限公司,yes,emulation,1.0.1,https://lestore.lenovo.com/detail/L100641?origin=pcstore_copylin,qualcomm,2025-12-30
pandapinyin,熊猫拼音 (Panda Pinyin),application,,education,宁波凯智信息有限公司,yes,emulation,6.2,http://home.123qibu.com/xmpy.asp,qualcomm,2025-12-30
jinzhouwatermark,金舟水印助手 (JinZhou Watermark),application,,prod,江下信息科技（惠州）有限公司,yes,emulation,2.1.0.0,https://www.callmysoft.com/watermark,qualcomm,2025-12-30
minibrowserminibrowser,Mini Browser浏览器 (Mini Browser),application,,web-social,卡饭（上海）信息安全有限公司,yes,emulation,1.0.0.134,https://browser.kfsafe.cn/,qualcomm,2026-01-05
mp3shenqimp3recorder,神奇MP3录音软件 (Shenqi MP3 Recorder),application,,entertainment,北京神奇像素科技有限公司,yes,emulation,1.0.0.355,https://www.shenqixiangsu.com/product/10002/,qualcomm,2026-01-05
yosocompress,优速文件压缩器 (Yoso Compress),application,,it-tools-vdi,苏州跳跳鱼智能科技有限公司,yes,emulation,2.2.2.0,https://www.yososoft.com/softcenter/YSCompress,qualcomm,2026-03-01
eopeopnmnmaster,EOP简谱大师 (EOP NMN Master),application,,creative,艾莱克特（北京）软件有限公司,yes,emulation,1.25.10.2,https://www.everyonepiano.cn/Software-7.html,qualcomm,2025-12-26
manmanaudiobooks,漫漫听书 (Manman Audiobooks),application,,web-social,"冷湖光棱科技（武汉）有限公司 (Cold Lake Prism Light Technology (Wuhan) Co., Ltd.)",yes,emulation,1,https://lestore.lenovo.com/detail/L104340,qualcomm,2025-12-26
9696editor,96编辑宝 (96Editor),application,,prod,上海嵩沈网络科技有限公司,yes,emulation,3.0.25,https://www.96weixin.com/,qualcomm,2025-12-29
dongxingsecuritysuperedition,东兴证券超强版 (Dongxing Security Super Edition),application,,personalfin,"深圳市财富趋势科技股份有限公司 (Shenzhen Fortune Trend Technology Co., Ltd.)",yes,emulation,9.19,"https://www.dxzq.net/main/rjxz/pcrjxz/index.shtml?catalogId=1,241,242",qualcomm,2025-12-29
guoyuanleadingfinancialterminal,国元领航金融终端 (Guoyuan Leading Financial Terminal),application,,personalfin,"深圳市财富趋势科技股份有限公司 (Shenzhen Fortune Trend Technology Co., Ltd.)",yes,emulation,8.73,http://lltj.gyzq.com/main/wangting/software_download/index.html,qualcomm,2025-12-29
11zhangmenstudentclient,掌门1对1辅导 (Zhangmen Student Client),application,,education,上海掌小门教育科技有限公司,yes,emulation,3.2.38,https://www.zhangmen.com/client-download/student-computer.html,qualcomm,2025-12-29
evevscreenshare,EV屏幕共享 (EV Screenshare),application,,prod,湖南一唯信息科技有限公司,yes,emulation,2.4.0,https://www.ieway.cn/evscreenshare.html,qualcomm,2025-12-29
meikecloudlive,美刻云直播 (Meike Cloud Live),application,,prod,Metcom Inc.,yes,emulation,2.55.2.137,https://www.metcom.com.cn/download.html,qualcomm,2025-12-30
mdnicemarkdownmdnicemarkdowneditor,墨滴mdnice-Markdown编辑器 (mdnice-Markdown Editor),application,,prod,墨滴软件,yes,emulation,0.4.3,https://product.mdnice.com/membership/vip/,qualcomm,2025-12-30
qkidsstudentclient,久趣学生端 (Qkids Student Client),application,,education,"謙拾科技有限公司 (QIANSHI TECHNOLOGY CO., LIMITED)",yes,emulation,4.0.3,https://qkids.com/download/,qualcomm,2025-12-30
seewoeasinote,希沃轻白板 (Seewo EasiNote),application,,education,广州视睿电子科技有限公司 (Guangzhou Shirui Electronic Technology Company Limited),yes,emulation,1.0.1.906,https://e.seewo.com/product/EasiNote3c,qualcomm,2026-01-05
allinoneaudioconverter,全能王音频格式转换器 (All-in-one Audio Converter),application,,creative,"深圳市超时代软件有限公司 (Shenzhen Chaoshidai Software Co., Ltd.)",yes,emulation,2.0.0.1,https://www.hoposoft.com/yinpinggeshi,qualcomm,2026-01-05
3333subs,33字幕 (33Subs),application,,entertainment,广州不待信息科技有限公司,yes,emulation,2.0.1,https://www.33subs.com/download,qualcomm,2026-01-05
southwestsecuritiesgoldenideawealthmanagementterminal,西南证券金点子财富管理终端 (Southwest Securities Golden Idea Wealth Management Terminal),application,,personalfin,"深圳市财富趋势科技股份有限公司 (Shenzhen Fortune Trend Technology Co., Ltd.)",yes,emulation,20.43,https://www.swsc.com.cn/html/index/softDownload/,qualcomm,2026-01-06
cad2025gstarcadelec2025,浩辰CAD电气2025 (GstarCAD Elec 2025),application,,prod,"苏州浩辰软件股份有限公司 (Gstarsoft Co., Ltd.)",yes,emulation,2025,https://www.gstarcad.com/product/gstarcad_elec/,qualcomm,2026-01-06
263263mailplus,263企业邮箱 (263 Mail Plus),application,,web-social,二六三网络通信股份有限公司 (NET263 LTD),yes,emulation,2.7.1.18,https://drive.263.net/link/SESqYq5VcGP7Jbk/,qualcomm,2026-01-06
juniorenglish,初中英语 (Junior English),application,,education,北京爱语吧科技有限公司 (iYuba),yes,emulation,1.0.0.2,https://lestore.lenovo.com/detail/L100633,qualcomm,2026-01-06
avaideavaidescreenrecorder,AVAide 屏幕录像机 (AVAide Screen Recorder),application,,entertainment,AVAide,yes,emulation,1.0.20,https://www.avaide.com/zh/screen-recorder/,qualcomm,2026-01-06
360360gamebrowser,360游戏浏览器 (360 Game Browser),application,,web-social,三六零安全科技股份有限公司 (360 Security Technology Inc.),yes,emulation,13.6.1047.0,https://browser.360.cn/gt/index.html,qualcomm,2026-01-06
zhongyuansecuritiesintegratededition,中原证券集成版 (Zhongyuan Securities Integrated Edition),application,,personalfin,"深圳市财富趋势科技股份有限公司 (Shenzhen Fortune Trend Technology Co., Ltd.)",yes,emulation,2.63,https://www.ccnew.com/main/home/softwaredownload/index.shtml,qualcomm,2026-01-07
anytxtsearcheranytxtsearcher,AnyTXT Searcher文本内容搜索工具 (AnyTXT Searcher),application,,it-tools-vdi,成为科技有限公司 (CBEWIN TECH LIMITED),yes,emulation,1.3,https://anytxt.net.cn/download.html,qualcomm,2026-01-07
uuuxingxia,U行侠U盘启动盘制作工具 (UXingXia),application,,it-tools-vdi,U行侠,yes,emulation,5.4.0.0,http://www.uxingxia.com/,qualcomm,2026-05-08
haorenhaogufinancialterminal,好人好股金融终端 (Haorenhaogu Financial Terminal),application,,personalfin,new_hrhg,yes,emulation,2.3.3,https://download.9635.com.cn/index,qualcomm,2026-01-07
evevvideoconverter,EV视频转换器 (EV Video Converter),application,,entertainment,湖南一唯信息科技有限公司,yes,emulation,2.1.4,https://www.ieway.cn/evconverter.html,qualcomm,2026-01-08
wancaimindmapmaster,万彩脑图大师 (Wancai Mindmap Master),application,,prod,"广州万彩信息技术有限公司 (Guangzhou Wancai Information Technology Co., Ltd.)",yes,emulation,4.0.0,https://www.wmindmap.cn/download,qualcomm,2026-01-08
guojinsunclassicedition,国金太阳经典版 (Guojin Sun Classic Edition),application,,personalfin,"深圳市财富趋势科技股份有限公司 (Shenzhen Fortune Trend Technology Co., Ltd.)",yes,emulation,10.39,https://www.gjzq.com.cn/main/download.html,qualcomm,2026-01-09
dehelper,德语助手 (Dehelper),application,,prod,上海倩言网络科技有限公司,yes,emulation,25.8.0.0,https://www.francochinois.com/v4/de/app/download,qualcomm,2026-01-09
jianluaudioconverter,简鹿音频格式转换器 (Jianlu Audio Converter),application,,creative,惠州市繁星灿灿科技有限公司,yes,emulation,1.5.0.0,https://jianlu.0523qyfw.com/by51001/yinpinzhuanhuan,qualcomm,2026-01-13
woniusound,蜗牛音效 (Woniu Sound),application,,entertainment,lizheng,yes,emulation,3.3.9,https://lestore.lenovo.com/detail/L116795,qualcomm,2026-01-12
westernsecuritiesjindingzhiyingfinancialterminal,西部证券金鼎智赢金融终端 (Western Securities Jinding Zhiying Financial Terminal),application,,personalfin,"深圳市财富趋势科技股份有限公司 (Shenzhen Fortune Trend Technology Co., Ltd.)",yes,emulation,6.42,https://www.west95582.com/jdw/lcdt/tzgj/rjxz.html,qualcomm,2026-01-12
smallpdfersmallpdferconverter,SmallPDFer转换器 (SmallPDFer Converter),application,,prod,TUKE公司,yes,emulation,6.8.0.0,http://www.smallpdfer.com/download.html,qualcomm,2026-01-13
qxiaoqppttemplates,小Q模板 (XiaoQ PPT Templates),application,,prod,"厦门市百胜通软件技术有限公司 (Xiamen Baishengtong Software Technology Co., Ltd.)",yes,emulation,2.0.0.0,https://www.xqppt.com/xqmb/,qualcomm,2026-01-05
nbnobookphysicslab,NB物理实验 (NOBOOK Physics Lab),application,,education,"北京翼鸥教育科技有限公司 (Beijing EEO Education Technology Co., Ltd.)",yes,emulation,6.20.10,https://www.nobook.com/view/304,qualcomm,2026-01-20
futurewhiteboard,未来白板 (Future Whiteboard),application,,education,北京学而思教育科技有限公司,yes,emulation,1.0.0.0,https://file1.jiaoyanyun.com/extraResources/jyy/home/www/index.html#/download,qualcomm,2026-05-06
sinsamdirector,芯象导播 (SINSAM Director),application,,entertainment,广州芯象科技有限公司,yes,emulation,25.10.10.6,https://www.sinsam.cn/,qualcomm,2026-01-20
houyicollector,后羿采集器 (Houyi Collector),application,,engineering,杭州快忆科技有限公司,yes,emulation,4.0.6,https://www.houyicaiji.com/,qualcomm,2026-01-20
seewopincoteacher,希沃品课 (Seewo Pinco Teacher),application,,prod,广州视睿电子科技有限公司 (Guangzhou Shirui Electronic Technology Company Limited),yes,emulation,1.2.43.729,https://e.seewo.com/,qualcomm,2026-01-21
jfsmartinvest,九方智投旗舰版 (JF SmartInvest),application,,personalfin,上海九方云智能科技有限公司,yes,emulation,5.0.0.0,https://www.9fzt.com/download.html,qualcomm,2026-01-21
qianfanshopkeeper,千帆掌柜 (Qianfan Shopkeeper),application,,prod,上海海鼎信息工程股份有限公司,yes,emulation,2.6.1,https://www.qianfan123.com/zg.html,qualcomm,2026-01-22
cadleopardcad,豹图CAD (Leopard CAD),application,,it-tools-vdi,佛山小图科技有限公司,yes,emulation,9.3,https://lestore.lenovo.com/detail/L103725,qualcomm,2026-01-22
kxklive,小K直播姬 (XK Live),application,,entertainment,北京云舶在线科技有限公司,yes,emulation,1.7.0,https://lestore.lenovo.com/detail/24482,qualcomm,2026-01-23
qingniaochrome,青鸟浏览器 (Qingniao Chrome),application,,web-social,上海二三四五网络科技有限公司,yes,emulation,1.4,https://www.qnchrome.com/,qualcomm,2026-01-23
abcwodeabc,我的ABC软件工具箱 (WodeABC),application,,prod,HESOFT.NET,yes,emulation,6.64.0,https://www.wodeabc.com/download/,qualcomm,2026-01-28
haohascreenbrush,好哈屏幕画笔 (Haoha Screen Brush),application,,prod,浙舟软件,yes,emulation,2.1.2.162,https://www.zhezhou.cn/huabi,qualcomm,2026-05-18
cebebankingassistant,光大银行网银助手 (CEB EBanking Assistant),application,,personalfin,"中国光大银行股份有限公司 (China Everbright Bank Co., Ltd.)",yes,emulation,4.0.9.0,https://www.cebbank.com/site/dzyx/grwsyx/xzzq/index.html,qualcomm,2026-03-23
kitten,源码编辑器 (Kitten),application,,engineering,深圳点猫科技有限公司,yes,emulation,4.11.18,https://shequ.codemao.cn/download,qualcomm,2026-02-09
shadowbot,影刀 (ShadowBot),application,,engineering,杭州分叉智能科技有限公司,yes,emulation,5.32.44,https://www.yingdao.com/download/?arch=x64&os=win,qualcomm,2026-02-09
audioconverterassistant,音频转换助手 (Audio Converter Assistant),application,,prod,合肥风平网络信息科技有限公司,yes,emulation,1.5.0.0,https://www.xunjieshipin.com/ypzhzs,qualcomm,2026-02-09
alipaysecuritycontrol,支付宝安全控件 (Alipay Security Control),application,,personalfin,"支付宝支付科技有限公司 (Alipay Payment Technology Co., Ltd.)",yes,emulation,5.1.0.375,https://110.alipay.com/sc/aliedit/intro.htm,qualcomm,2026-03-27
jinzhouflowchart,金舟流程图 (Jinzhou Flowchart),application,,prod,江下信息科技（惠州）有限公司,yes,emulation,1.3.2.0,https://www.softjinzhou.com/47772004/liuchengtu?jx=s1.p310960175.g8354761453.k657524416038.c75295944267,qualcomm,2026-02-10
douyindevelopertools,抖音开发者工具 (Douyin Developer Tools),application,,engineering,字节跳动有限公司 (ByteDance Ltd.),yes,emulation,4.5.0,https://developer.open-douyin.com/docs/resource/zh-CN/mini-app/develop/dev-tools/developer-instrument/download/developer-instrument-update-and-download,qualcomm,2026-02-10
swiftlinkmirror,雨燕投屏 (Swiftlink Mirror),application,,prod,Nero AG,yes,emulation,7.0.3.8,https://apps.microsoft.com/detail/9nf33jphsq14?hl=zh-cn&gl=CN,qualcomm,2026-02-24
apowersoftapowersoftscreencapturepro,Apowersoft专业截屏王 (Apowersoft Screen Capture Pro),application,,prod,"深圳市网旭科技有限公司 (Wangxu Technology Co., Ltd.)",yes,emulation,1.5.5.0,https://www.apowersoft.cn/screen-capture-pro,qualcomm,2026-02-10
ludakascreenrecorder,录大咖·录屏软件 (LuDaKa Screen Recorder),application,,it-tools-vdi,"厦门市迅牛信息科技有限公司 (Xiamen Xunniu Information Technology Co., Ltd.)",yes,emulation,5.1.8.0,https://www.ludaka.cn/download/?screencap,qualcomm,2026-02-10
officejisuoffice,极速Office (Jisu Office),application,,prod,北京海腾时代科技有限公司,yes,emulation,3.0.0.2,https://www.jisuoffice.com/zh-cn/app/,qualcomm,2026-02-10
xunjieaudiorecorder,迅捷录音 (Xunjie AudioRecorder),application,,it-tools-vdi,"上海互盾信息科技有限公司 (Shanghai Hudun Information Technology Co., Ltd.)",yes,emulation,1.0.1.0,https://www.xunjieshipin.com/luyin,qualcomm,2026-02-11
billfishbillfishassetmanager,billfish素材管理工具 (Billfish Asset Manager),application,,prod,苏州长嘴鱼软件有限公司,yes,emulation,3.1.5.12,https://www.billfish.cn/,qualcomm,2026-02-11
jianjishi,剪辑师 (Jianjishi),application,,it-tools-vdi,广州视睿电子科技有限公司 (Guangzhou Shirui Electronic Technology Company Limited),yes,emulation,1.7.0.792,https://e.seewo.com/product/JJS#page2,qualcomm,2026-02-24
aisiremotecontrol,爱思远控 (Aisi Remote Control),application,,prod,深圳市为爱普信息技术有限公司,yes,emulation,1.3.2.02,https://www.i4.cn/pro_remote.html,qualcomm,2026-03-23
aixiutu,爱修图 (Aixiutu),application,,it-tools-vdi,无锡乐骐科技股份有限公司,yes,emulation,1.4.7,https://www.91pitu.com/,qualcomm,2026-02-11
kkkkrecorder,KK录像机 (KK Recorder),application,,it-tools-vdi,杭州凯凯科技有限公司,yes,emulation,2.9.9.7,https://www.kklxj.com/,qualcomm,2026-02-11
bocomebankingassistant,交通银行网银助手 (BOCOM EBanking Assistant),application,,personalfin,交通银行股份有限公司 (Bank of Communications),yes,emulation,4.0.7.0,https://pbank.95559.com.cn/personbank/newuserhelp1.html,qualcomm,2026-03-23
apabireaderfounderapabireader,方正Apabi Reader (Founder Apabi Reader),application,,it-tools-vdi,北京方正阿帕比技术有限公司 (Apabi),yes,emulation,4.5.2.179,http://www.apabi.cn/download/index.html,qualcomm,2026-02-11
paint64clipstudiopaintpro,优动漫PAINT个人版 64位 (Clip Studio Paint PRO),application,,prod,厦门优莱柏网络科技有限公司,yes,emulation,4.0.5.0,https://www.udongman.cn/product/download,qualcomm,2026-02-11
abobooaboboo,Aboboo!外语学习套件 (Aboboo),application,,education,昆明阿波波科技有限公司,yes,emulation,3.12.1,https://www.aboboo.com/g/#/home,qualcomm,2026-02-26
lusunscreenrecorder,芦笋录屏 (Lusun Screen Recorder),application,,it-tools-vdi,北京原则科技有限公司,yes,emulation,2.6.3,https://lusun.com/download,qualcomm,2026-02-12
haohascreenrecorder,好哈屏幕录制 (Haoha Screen Recorder),application,,it-tools-vdi,浙舟软件,yes,emulation,2.1.4.190,https://www.zhezhou.cn/luping,qualcomm,2026-02-12
kingdrawkingdrawchemicalstructureeditor,KingDraw化学结构式编辑器（个人版） (KingDraw Chemical Structure Editor),application,,prod,青岛清原作物科学集团有限公司 (KingAgroot CropScience),yes,emulation,3.0.2.20,http://www.kingdraw.cn/index?name=download,qualcomm,2026-02-12
rrlanguage,R语言 (R Language),application,,engineering,R Core Team,yes,emulation,4.5.2,https://mirrors.qlu.edu.cn/CRAN/,qualcomm,2026-02-13
fontsupermarktmanager,字体超市管家 (Font Supermarkt Manager),application,,prod,厦门享联科技有限公司,yes,emulation,1.7.3.0,https://www.font.cn/download/,qualcomm,2026-02-13
aipptxunjieaippt,迅捷AIPPT (Xunjie AIPPT),application,,prod,"上海互盾信息科技有限公司 (Shanghai Hudun Information Technology Co., Ltd.)",yes,emulation,2.4.0.0,https://www.xunjieppt.com/,qualcomm,2026-02-13
jingyeqian,敬业签 (Jingyeqian),application,,it-tools-vdi,河南礼恰网络科技有限公司,yes,emulation,3.4.1.8,https://www.jingyeqian.com/windows/,qualcomm,2026-02-13
feizhuanebookreader,飞转电子书阅读器 (Feizhuan E-book Reader),application,,prod,重庆风速信息科技有限公司,yes,emulation,1.2.1.0,https://www.pdf123456.com/e-book/,qualcomm,2026-02-24
hohoaudiorecorder,全能王录音助手 (Hoho Audio Recorder),application,,it-tools-vdi,深圳市超时代软件有限公司,yes,emulation,2.0.0.3,https://www.hoposoft.com/audiorecord.html,qualcomm,2026-02-24
orangenovelmaker,橙光文字游戏制作工具 (Orange Novel Maker),application,,education,北京六趣网络科技有限公司,yes,emulation,3.5.7,https://www.66rpg.com/redirect/doDownload,qualcomm,2026-02-25
psbcbankbuddy,中国邮政储蓄银行网银助手 (PSBC BankBuddy),application,,personalfin,中国邮政储蓄银行 (Postal Savings Bank of China),yes,emulation,2.7.0.2,https://www.psbc.com/cn/grfw/grdzyh/grwy/grwyxzzq/202012/t20201217_52636.html,qualcomm,2026-02-26
bitdatarecovery,比特数据恢复 (Bit Data Recovery),application,,it-tools-vdi,江下信息科技（惠州）有限公司,yes,emulation,9.5.7.0,https://www.softjinzhou.com/bing108379506/shujuhuifu.html?jx=s6.p483614660.g1225956479859025.k76622554803693.c76622411415423&msclkid=b1b4bf802d381b5110c5d61fcade56f8,qualcomm,2026-02-26
pdfglodonpdfquickviewer,广联达PDF快速看图 (Glodon PDF Quick Viewer),application,,prod,"北京鸿鹄云图科技股份有限公司 (Beijing Honghu Yuntu Technology Co., Ltd.)",yes,emulation,4.9.3.88,https://pdf.glodon.com/,qualcomm,2026-02-26
cailianpress,财联社 (Cailian Press),application,,personalfin,上海界面财联社科技股份有限公司,yes,emulation,8.0.1,https://www.cls.cn/download,qualcomm,2026-02-26
audiomusiceditingexpert,音频音乐剪辑专家 (Audio Music Editing Expert),application,,entertainment,江下信息科技（惠州）有限公司,yes,emulation,4.1.8.0,https://lestore.lenovo.com/detail/L115403,qualcomm,2026-02-26
desktopvocdesktopvoc,DesktopVoc桌面背单词 (DesktopVoc),application,,education,JokerEnglish,yes,emulation,5.5,www.jokerenglish.cn,qualcomm,2026-02-12
biaoxue,标学教育考试系统 (biaoxue),application,,education,成都标学科技有限公司,yes,emulation,3.6.1,https://www.biaoxue100.com,qualcomm,2026-02-23
phonescreenmirroringassistant,手机同屏助手 (Phone Screen Mirroring Assistant),application,,it-tools-vdi,南京虎踞龙盘智慧科技有限公司,yes,emulation,1.1.1.3,https://lestore.lenovo.com/detail/L118662,qualcomm,2026-03-11
mouseautoclicker,自动点击连点器 (Mouse Auto Clicker),application,,it-tools-vdi,江下信息科技（惠州）有限公司,yes,emulation,2.4.8.0,https://lestore.lenovo.com/detail/L118001,qualcomm,2026-03-09
audiomaster,音频剪辑软件大师 (Audio Master),application,,entertainment,江下信息科技（惠州）有限公司,yes,emulation,4.1.8.0,https://lestore.lenovo.com/detail/L105722,qualcomm,2026-03-09
jinzhouaudioconverter,音频音乐转换器·金舟 (Jinzhou Audio Converter),application,,entertainment,江下信息科技（惠州）有限公司,yes,emulation,5.1.8.0,https://lestore.lenovo.com/detail/L114487,qualcomm,2026-03-09
winzipwinzipextractionexpert,WinZip解压缩专家 (WinZip Extraction Expert),application,,it-tools-vdi,江下信息科技（惠州）有限公司,yes,emulation,5.4.6.0,https://lestore.lenovo.com/detail/L106823,qualcomm,2026-03-11
youpinstock,股票通 (Youpin Stock),application,,personalfin,深圳市优品投资顾问有限公司,yes,emulation,4.7.13.122,https://www.upchina.com/sub/gptpc,qualcomm,2026-03-10
obsobsdanmakuassistant,OBS弹幕助手 (OBS Danmaku Assistant),application,,entertainment,南京双十信息技术有限公司,yes,emulation,5.5.18,https://www.obsworks.com/danmupro/,qualcomm,2026-03-10
xiaofang,小方 (XiaoFang),application,,personalfin,方正证券股份有限公司 (FOUNDER SECURITIES),yes,emulation,7.56,https://www.foundersc.com/serviceDownloadPC/index.jhtml,qualcomm,2026-03-10
barcodelabelprintingsystem,神奇条码标签打印系统 (Barcode Label Printing System),application,,prod,北京神奇像素科技有限公司,yes,emulation,6.0.0.961,https://shenqitiaoma.com/,qualcomm,2026-03-11
easyparser,易解析 (Easy Parser),application,,it-tools-vdi,武汉字节引力网络科技有限公司,yes,emulation,2.2.10,https://www.savev.cc/downloads,qualcomm,2026-03-11
newconceptenglish,新概念英语 (New Concept English),application,,education,北京爱语吧科技有限公司 (iYuba),yes,emulation,1.1.0,https://lestore.lenovo.com/detail/L100590,qualcomm,2026-03-11
todotodolist,Todo清单 (Todo List),application,,education,杭州乾夕科技有限公司,yes,emulation,3.11.2,https://todo.evestudio.cn/,qualcomm,2026-03-11
hoposoftallinonescheduledshutdown,全能王定时关机 (Hoposoft All-in-One Scheduled Shutdown),application,,prod,深圳市超时代软件有限公司,yes,emulation,2.0.0.2,https://www.hoposoft.com/dingshiguanji,qualcomm,2026-03-12
shanghaisecuritiesonlinetradingsystem,上海证券行情（卓越版）网上交易系统 (Shanghai Securities Online Trading System),application,,personalfin,"深圳市财富趋势科技股份有限公司 (Shenzhen Fortune Trend Technology Co., Ltd.)",yes,emulation,1.37,https://e.shzq.com/other.html,qualcomm,2026-03-12
frhelper,法语助手 (Frhelper),application,,education,上海倩言网络科技有限公司,yes,emulation,26.2.0.0,https://www.francochinois.com/v4/fr/app/download,qualcomm,2026-03-12
mjaalarm,美捷闹钟 (Mja Alarm),application,,prod,美捷软件,yes,emulation,2.1.3.7,https://www.mjasoft.com/,qualcomm,2026-03-12
apowersoftrecmaster,录咖 (Apowersoft RecMaster),application,,it-tools-vdi,"深圳市网旭科技有限公司 (Wangxu Technology Co., Ltd.)",yes,emulation,1.3.4,https://www.apowersoft.cn/video-converter-studio,qualcomm,2026-03-12
2025wordstorming,单词风暴 2025 (WordStorming),application,,education,上海风暴智能教育研发中心,yes,emulation,25.0.628,https://www.wordstorming.com/ws-free.htm,qualcomm,2026-03-13
jinzhouvoicechatrecorder,金舟语音聊天录音软件 (Jinzhou Voice Chat Recorder),application,,entertainment,江下信息科技（惠州）有限公司,yes,emulation,3.7.2.0,https://www.callmysoft.com/record/,qualcomm,2026-02-27
qtfeigemessengerqtedition,飞鸽传书Qt版 (Feige Messenger Qt Edition),application,,web-social,青岛飞鸽软件有限公司,yes,emulation,7.1.240,https://lestore.lenovo.com/detail/L106346,qualcomm,2026-03-24
magicwebimagedownloader,神奇网页图片下载软件 (Magic Web Image Downloader),application,,prod,北京神奇像素科技有限公司,yes,emulation,3.0.0.349,https://www.taotaostar.com/products/index.html?py=5da84587a74f3c53f32f3fb3,qualcomm,2026-03-02
wubitypingmaster,五笔打字通 (Wubi Typing Master),application,,prod,何云峰,yes,emulation,2023.9,https://apps.microsoft.com/detail/9p30mkj7h5px?launch=true&hl=zh-cn&gl=cn,qualcomm,2026-03-02
ttimettime,TTime翻译软件 (TTime),application,,education,byliangcheng,yes,emulation,0.9.15,https://ttime.timerecord.cn/introduce.html#%E4%B8%8B%E8%BD%BD,qualcomm,2026-03-02
jiuleiimageconverter,九雷图片转换器 (Jiulei Image Converter),application,,it-tools-vdi,上海琳柳网络科技有限公司,yes,emulation,1.4.3,http://www.166work.com/,qualcomm,2026-03-02
zzzzaccelerator,ZZ加速器 (ZZ Accelerator),application,,prod,"四川征云网络科技有限公司 (Sichuan Zhengyun Network Technology Co., Ltd.)",yes,emulation,7.0.1.26,https://www.zzjiasuqi.com/,qualcomm,2026-03-02
jinzhouvideocompressor,金舟视频压缩软件 (Jinzhou Video Compressor),application,,engineering,江下信息科技（惠州）有限公司,yes,emulation,2.6.7.0,https://www.callmysoft.com/support/788.html,qualcomm,2026-03-02
avaideavaideblurayplayer,AVAide 蓝光播放器 (AVAide Blu-ray Player),application,,prod,AVAide,yes,emulation,1.0.16,https://www.avaide.com/zh/blu-ray-player/,qualcomm,2026-03-02
qingyingvideoconverter,轻映视频转换器 (Qingying Video Converter),application,,prod,天津迅读科技有限公司,yes,emulation,2.0.2.5,https://converter.qyscreen.com/,qualcomm,2026-03-03
pdflightpdfeditor,轻闪PDF编辑 (LightPDF Editor),application,,it-tools-vdi,轻闪PDF (LightPDF),yes,emulation,2.16.7.6,https://lightpdf.cn/edit-pdf,qualcomm,2026-03-03
eccbebankingsecuritycomponent,中国建设银行E路护航网银安全组件 (CCB E-Banking Security Component),application,,personalfin,中国建设银行股份有限公司 (China Construction Bank Corporation),yes,emulation,3.5.0.17,https://e.ccb.com/cn/html1/office/ebank/dzb/subject/center/download/corporate_index.html,qualcomm,2026-03-16
jsdesign,即时设计 (JS.Design),application,,prod,北京雪云锐创科技有限公司,yes,emulation,2.0.2,https://js.design/download,qualcomm,2026-03-03
phpstudyphpstudy,phpstudy集成环境 (phpstudy),application,,it-tools-vdi,安徽小皮教育科技有限公司,yes,emulation,8.1.1.3,https://www.xp.cn/phpstudy,qualcomm,2026-03-04
elfoptimizer,精灵优化 (Elf Optimizer),application,,it-tools-vdi,南京虎踞龙盘智慧科技有限公司,yes,emulation,1.0.0.3,https://lestore.lenovo.com/detail/L118089,qualcomm,2026-03-04
pdfaipaipdfconvertermaster,爱拍PDF转换大师 电脑版 (Aipai PDF Converter Master),application,,it-tools-vdi,广州音视舞动网络科技有限公司,yes,emulation,1.0.3,https://pdf.aipai.com/,qualcomm,2026-03-04
ziplittletomatozip,小番茄Zip解压缩 (Little Tomato ZIP),application,,it-tools-vdi,长沙小番茄科技有限公司,yes,emulation,1.0.0.78,https://xfqzip.fanqiesoft.cn/,qualcomm,2026-03-04
topmostking,置顶王 (TopMostKing),application,,it-tools-vdi,来凤图加软件工作室,yes,emulation,2.8.5,https://www.tujiastudio.com/prod_tmk/ch/intro.html,qualcomm,2026-03-04
excelexcelessentialtoolbox,Excel必备工具箱 (Excel Essential Toolbox),application,,it-tools-vdi,张立良,yes,emulation,19.5,https://www.ahzll.top/,qualcomm,2026-03-16
zhuanzhuantexttovoice,文字转语音(转转大师) 标准版 (Zhuanzhuan Text to Voice),application,,prod,"厦门印了么信息科技股份有限公司 (Xiamen Yinleye Information Technology Co., Ltd.)",yes,emulation,1.0.0.6,https://pdf.55.la/,qualcomm,2026-03-04
imagecompressionmaster,图片压缩大师 (Image Compression Master),application,,it-tools-vdi,"武汉网幂科技有限公司 (Wuhan Net Power Technology Co., Ltd.)",yes,emulation,5.0.2,https://apps.microsoft.com/detail/9nhtr5sfjz2v?hl=zh-CN&gl=CN,qualcomm,2026-03-04
zhuanyixiaimagecompressor,转易侠图片压缩 (Zhuanyixia Image Compressor),application,,it-tools-vdi,"厦门市百胜通软件技术有限公司 (Xiamen Baishengtong Software Technology Co., Ltd.)",yes,emulation,1.0.8.0,https://www.zhuanyixia.cn/imagecompress.html,qualcomm,2026-03-04
heicjpgjinzhouheicimageconverter,金舟HEIC图片转换jpg (Jinzhou HEIC Image Converter),application,,prod,江下信息科技（惠州）有限公司,yes,emulation,3.6.6.0,https://www.callmysoft.com/heiczhuanhuan,qualcomm,2026-03-04
jianluwatermarkassistant,简鹿水印助手 (Jianlu Watermark Assistant),application,,prod,惠州市繁星灿灿科技有限公司,yes,emulation,1.1.3.0,https://www.jianlu365.com/watermarker.html,qualcomm,2026-03-04
djpandadj,熊猫DJ (PandaDJ),application,,entertainment,广州数易信息技术有限公司,yes,emulation,2.6.6.0,https://lestore.lenovo.com/detail/L116118,qualcomm,2026-03-04
aiaiwriter,AI写作猿 (AI Writer),application,,prod,合肥名阳信息技术有限公司,yes,emulation,1.5.3,https://www.xiezuoyuan.com/downloads,qualcomm,2026-03-04
shiyidedocumentrepair,失易得文档修复软件 (Shiyide Document Repair),application,,it-tools-vdi,"厦门市百胜通软件技术有限公司 (Xiamen Baishengtong Software Technology Co., Ltd.)",yes,emulation,1.3.0.0,https://www.shiyide.com/tg1/officerepair/?source=baidu&plan=wendangxiufu&unit=wendangxiufu&keyword=sydwdxf&e_matchtype=1&e_creative=130809830100&e_adposition=cl1&e_pagenum=1&e_keywordid=1262403864135&bd_vid=6763158736463177793,qualcomm,2026-03-17
wormhole,虫洞多屏协同 安装助手 (Wormhole),application,,it-tools-vdi,苏州荔枝数码科技有限公司,yes,emulation,1.0.0,https://lestore.lenovo.com/detail/L116102,qualcomm,2026-03-17
blackboxworkshop,黑盒工坊 (Black Box Workshop),application,,entertainment,清枫（北京）科技有限公司,yes,emulation,1.9.52,https://workshop.xiaoheihe.cn/home,qualcomm,2026-03-23
lingdongprinterdriverrepair,灵动打印机驱动修复 (Lingdong Printer Driver Repair),application,,it-tools-vdi,成都优云启航网络科技有限公司,yes,emulation,2.1.14.3,https://lestore.lenovo.com/detail/L117304,qualcomm,2026-03-17
chinagalaxysecuritiesneptune,中国银河证券海王星 (China Galaxy Securities Neptune),application,,personalfin,中国银河证券 (China Galaxy Securities),yes,emulation,11.6,https://www.chinastock.com.cn/newsite/online/downloadCenter.html,qualcomm,2026-03-17
office2024yongzhongoffice2024,永中Office 2024 (Yongzhong Office 2024),application,,prod,永中软件股份有限公司 (Yozosoft),yes,emulation,9.0.6589.101ZH.S1,https://www.yozosoft.com/,qualcomm,2026-03-18
jinzhouebookconverter,金舟电子书格式转换器 (Jinzhou eBook Converter),application,,prod,江下信息科技（惠州）有限公司,yes,emulation,2.0.3.0,https://lestore.lenovo.com/detail/L114957,qualcomm,2026-03-18
cajcajpdfjinzhoucajconverter,金舟CAJ转换-CAJ转PDF (Jinzhou CAJ Converter),application,,prod,江下信息科技（惠州）有限公司,yes,emulation,2.0.6.0,https://www.callmysoft.com/caj,qualcomm,2026-03-18
yanbaoke,研报客 (Yanbaoke),application,,education,"商丘市科乐网络科技有限公司 (Shangqiu Kele Network Technology Co., Ltd.)",yes,emulation,8.2.34,https://pc.yanbaoke.cn/kh,qualcomm,2026-03-18
jinzhoubatchfilerenamer,金舟文件批量重命名软件 (Jinzhou Batch File Renamer),application,,prod,江下信息科技（惠州）有限公司,yes,emulation,5.1.1.0,https://lestore.lenovo.com/detail/L109143,qualcomm,2026-03-18
gtjafuyi,国泰君安富易 (GTJA Fuyi),application,,personalfin,"国泰海通证券股份有限公司 (Guotai Haitong Securities Co., Ltd.)",yes,emulation,4.24.6.013,https://fy.gtht.com/fuyi-download/,qualcomm,2026-03-18
miaojivideoconverter,妙吉视频转换器 (Miaoji Video Converter),application,,prod,苏州妙吉信息科技有限公司,yes,emulation,4.6.0.0,http://spzh.miaoji66.com/,qualcomm,2026-03-19
vcfvcfjinzhouvcfconverter,金舟VCF转换-vcf转表格 (Jinzhou VCF Converter),application,,prod,江下信息科技（惠州）有限公司,yes,emulation,2.0.4.0,https://lestore.lenovo.com/detail/L114769,qualcomm,2026-03-19
zhilebrowser,知了浏览器 (Zhile Browser),application,,web-social,海南好望科技有限公司,yes,emulation,104.0.5112.81,https://www.haowangkj.com/,qualcomm,2026-02-05
pdfyueshupdf,悦书PDF (YueShu PDF),application,,it-tools-vdi,深圳市常青藤软件科技有限公司,yes,emulation,5.0.4.2,https://yueshupdf.cqttech.com/,qualcomm,2026-02-05
ofdofdpdfjinzhouofdconverter,金舟OFD转换-OFD转PDF (Jinzhou OFD Converter),application,,prod,江下信息科技（惠州）有限公司,yes,emulation,2.0.7.0,https://lestore.lenovo.com/detail/L116108,qualcomm,2026-03-19
lightningimageformatconverter,闪电图片格式转换器 (Lightning Image Format Converter),application,,prod,江下信息科技（惠州）有限公司,yes,emulation,3.1.2.0,https://lestore.lenovo.com/detail/25223,qualcomm,2026-03-19
moondogs,宏杰加密(现名月犬云盾） (MoonDogs),application,,anti-virus,湖南易盾信息科技有限公司,yes,emulation,6718,https://www.55tools.com/jiami.html,qualcomm,2026-03-19
eshelper,西语助手 (EsHelper),application,,education,上海倩言网络科技有限公司,yes,emulation,25.8.0.0,https://es.eudic.net/v4/es/app/download,qualcomm,2026-02-05
jingmaisellerworkbench,京麦卖家工作台 (Jingmai Seller Workbench),application,,it-tools-vdi,"京东集团股份有限公司 (JD.com, Inc.)",yes,emulation,13.0.0.0,https://jm.jd.com/index/index.html,qualcomm,2026-02-05
magicearsup,魔力耳朵 (Magic Ears Up),application,,education,北京魔力耳朵科技有限公司,yes,emulation,3.2.2,https://magicears.com.cn/download/zh_HANS,qualcomm,2026-02-05
weiyunsyncassistant,腾讯微云同步助手 (Weiyun Sync Assistant),application,,web-social,腾讯 (Tencent),yes,emulation,3,https://www.weiyun.com/download.html,qualcomm,2026-03-19
pdfzhuanyixiapdfconverter,PDF转换器(转易侠) (Zhuanyixia PDF Converter),application,,prod,"厦门市百胜通软件技术有限公司 (Xiamen Baishengtong Software Technology Co., Ltd.)",yes,emulation,3.7.0.0,https://www.zhuanyixia.cn/pdfconvert.html,qualcomm,2026-03-19
aipaiscreenrecorder,爱拍录屏 (Aipai Screen Recorder),application,,it-tools-vdi,广州音视舞动网络科技有限公司,yes,emulation,3.8.1,https://luping.aipai.com/,qualcomm,2026-02-05
xuepeiclassroom,学培课堂 (Xuepei Classroom),application,,education,"南京学而培文化发展有限公司 (Nanjing Xueerpei Culture Development Co., Ltd.)",yes,emulation,3.0.5.5,https://www.fhzjedu.com/#/load,qualcomm,2026-03-19
zhuanzhuanmastervideoformatconverter,视频格式转换器(转转大师) (Zhuanzhuan Master Video Format Converter),application,,prod,"厦门印了么信息科技股份有限公司 (Xiamen Yinleye Information Technology Co., Ltd.)",yes,emulation,1.2.0.1,https://lestore.lenovo.com/detail/L104767,qualcomm,2026-05-06
jinzhoufolderencryptionmaster,金舟文件夹加密大师 (Jinzhou Folder Encryption Master),application,,it-tools-vdi,江下信息科技（惠州）有限公司,yes,emulation,3.7.0.0,https://www.qianwansoft.com/bibg151604653/jiami.html?jx=s6.p484417445.g1235852109868874.k77241054100212.c77240889480443&msclkid=c0272de3c66f1744514a4467ba070c35,qualcomm,2026-02-05
zipqianxiangzip,zip万能压缩 (Qianxiang ZIP),application,,it-tools-vdi,郑州千象网络科技有限公司,yes,emulation,4.0.1.21,https://qxiangsoft.com/,qualcomm,2026-03-19
locoyspider,火车采集器 (LocoySpider),application,,prod,"合肥乐维信息技术有限公司 (Hefei Lewei Information Technology Co., Ltd.)",yes,emulation,10.29,https://www.locoy.com/download,qualcomm,2026-03-13
aipaiformatfactory,爱拍格式工厂 (Aipai Format Factory),application,,it-tools-vdi,广州音视舞动网络科技有限公司,yes,emulation,1.8.1,https://geshi.aipai.com/,qualcomm,2026-02-05
axurelanhuaxure,蓝湖 Axure (Lanhu Axure),application,1.8.9,web-social,北京尽微致广信息技术有限公司,yes,emulation,1.8.9,https://lanhuapp.com/prd,qualcomm,2026-03-26
andtowriting,岸途写作 (Andto Writing),application,,education,岸途网,yes,emulation,5.0.1,https://www.andto.com/writer/download.html,qualcomm,2026-02-04
pdfpdfmaoeditor,PDF猫编辑器 (PDFMao Editor),application,,prod,厦门中数华森信息技术有限公司,yes,emulation,2.1.0.6,https://www.pdfmao.com/,qualcomm,2026-02-04
yyyyaudio,YY调音台 (YY Audio),application,,entertainment,广州津虹网络传媒有限公司,yes,emulation,1.3.1.348,https://daw.yy.com/,qualcomm,2026-02-04
shiyidevideorepair,失易得视频修复 (Shiyide Video Repair),application,,it-tools-vdi,"厦门市迅牛信息科技有限公司 (Xiamen Xunniu Information Technology Co., Ltd.)",yes,emulation,1.7.0.0,https://www.shiyide.cn/VideoRepair/50/?plan=spxf&unit=dc&keyword=%E5%A4%B1%E6%98%93%E5%BE%97%E8%A7%86%E9%A2%91%E4%BF%AE%E5%A4%8D%E4%B8%8B%E8%BD%BD&e_matchtype=%E7%B2%BE%E7%A1%AE&e_creative=2&e_keywordid=82120880555004&msclkid=b4bcbcd0793815582e38d55288fd18be,qualcomm,2026-02-04
xiaoyinnote,小隐笔记 (Xiaoyin Note),application,,prod,惠州市林栖谷隐科技有限公司,yes,emulation,1.0.0.201,http://xiaoyinapp.com/#/,qualcomm,2026-02-04
pdfjinzhoupdfconverter,金舟PDF转换器 (Jinzhou PDF Converter),application,,prod,江下信息科技（惠州）有限公司,yes,emulation,6.8.8.0,https://www.qianwansoft.com/bing108484999/pdfzhuanhuan.html?jx=s6.p485443138.g1229255061558052.k76828762487916.c76828574292308&msclkid=74de3ce75de817b7cf775565b82ef0de,qualcomm,2026-02-04
jinzhoutextvoiceconverter,金舟文字语音转换软件 (Jinzhou Text Voice Converter),application,,it-tools-vdi,江下信息科技（惠州）有限公司,yes,emulation,4.2.6.0,https://www.jinzhousoft.cn/bing95379888/wenziyuyin.html,qualcomm,2026-02-03
xunjieimagecompressor,迅捷图片压缩 (Xunjie Image Compressor),application,,prod,"上海互盾信息科技有限公司 (Shanghai Hudun Information Technology Co., Ltd.)",yes,emulation,1.6.1.0,https://www.xunjieshipin.com/xunjietupianyasuo,qualcomm,2026-02-03
pdffengyunpdfeditor,风云PDF编辑器 (Fengyun PDF Editor),application,,prod,上海莎纪网络科技有限公司,yes,emulation,2024.102.1708.20,http://soft.fengyunsoft.com/pdfeditor/,qualcomm,2026-02-03
ocrzhuanyixiaocrscanner,转易侠扫描王·OCR文字识别 (Zhuanyixia OCR Scanner),application,,prod,"厦门市迅牛信息科技有限公司 (Xiamen Xunniu Information Technology Co., Ltd.)",yes,emulation,3.6.0.1,https://www.zhuanyixia.cn/ocr/,qualcomm,2026-02-03
magicidphotoprintingsoftware,神奇证件照片打印软件(标准版） (Magic ID Photo Printing Software),application,,prod,北京神奇像素科技有限公司,yes,emulation,3.0.0.633,https://www.shenqixiangsu.com/products/index.html?py=5d088e45cfae9a3bce4bb7a9,qualcomm,2026-01-29
everyonepiano2,人人钢琴 (EveryonePiano),application,,entertainment,艾莱克特（北京）软件有限公司,yes,emulation,2.5.9.4,https://www.everyonepiano.cn/,qualcomm,2026-01-29
jinzhoucompressionmaster,金舟压缩宝标准版 (Jinzhou Compression Master),application,,it-tools-vdi,江下信息科技（惠州）有限公司,yes,emulation,2.5.5.0,https://www.callmysoft.com/compress/,qualcomm,2026-02-05
aiaiacademicwriting,AI论文写作 (AI Academic Writing),application,,prod,"武汉网幂科技有限公司 (Wuhan Net Power Technology Co., Ltd.)",yes,emulation,1.0.17,https://lestore.lenovo.com/detail/L116301,qualcomm,2026-02-03
wangzheaudioformatconverter,王者音频格式转换器 (Wangzhe Audio Format Converter),application,,entertainment,分身王者,yes,emulation,1.0.0.15,https://lestore.lenovo.com/detail/L114930,qualcomm,2026-02-02
jinzhoufolderencryptionmasterstandardversion,金舟文件夹加密大师(标准版) (Jinzhou Folder Encryption Master Standard Version),application,,prod,江下信息科技（惠州）有限公司,yes,emulation,3.6.7.0,https://lestore.lenovo.com/detail/L101729,qualcomm,2026-03-19
monkeymusic,猴子音悦 (Monkey Music),application,,entertainment,猴子音悦（上海）网络科技有限公司,yes,emulation,2.4.4.0,https://houzi8.com/client,qualcomm,2026-01-29
pdfquannengpdfconverter,全能PDF转换器 (Quanneng PDF Converter),application,,it-tools-vdi,苏州妙吉信息科技有限公司,yes,emulation,5.16.1.0,https://lestore.lenovo.com/detail/L104074,qualcomm,2026-02-02
windowswindowscleaner,Windows清理大师 (Windows Cleaner),application,,it-tools-vdi,深圳市开心袋鼠科技有限公司,yes,emulation,1.4.1.0,https://www.kangarootec.cn/cleansoft/index.html,qualcomm,2026-01-29
ocrocrimagetotext,OCR图片文字识别 (OCR Image to Text),application,,prod,"武汉网幂科技有限公司 (Wuhan Net Power Technology Co., Ltd.)",yes,emulation,3.1.8.0,https://lestore.lenovo.com/detail/L104202,qualcomm,2026-02-02
awzscreenrecorder,全能录屏王 (AWZ Screen Recorder),application,,it-tools-vdi,成都艾上办公科技有限公司,yes,emulation,3.0.1.5,https://lestore.lenovo.com/detail/L116504,qualcomm,2026-02-02
videoeditingmaster,剪大师 (Video Editing Master),application,,entertainment,苏州市异方软件开发有限公司,yes,emulation,3.2.0,https://www.effectmatrix.com/jiandashi/,qualcomm,2026-01-29
pdfzhuanzhuanpdfvirtualprinter,PDF虚拟打印机(转转大师) (Zhuanzhuan PDF Virtual Printer),application,,prod,"厦门印了么信息科技股份有限公司 (Xiamen Yinleye Information Technology Co., Ltd.)",yes,emulation,1.0.2.0,https://ocr.55.la/360/printer01/,qualcomm,2026-01-29
jinzhouvideomaster,金舟视频大师 (Jinzhou Video Master),application,,entertainment,江下信息科技（惠州）有限公司,yes,emulation,2.8.5.0,https://www.qianwansoft.com/bing108476903/shipindashi.html?jx=s6.p484278412.g1235852103749834.k77241048589053.c77240891600501&msclkid=8902d3c2f8951ca907fcbabb746cb8a0,qualcomm,2026-01-28
pdfwordfoxitpdftoword,福昕PDF转Word (Foxit PDF to Word),application,,prod,"福建福昕软件开发股份有限公司 (Fujian Foxit Software Development Joint Stock Co., Ltd.)",yes,emulation,6.1.501.410,https://www.foxitsoftware.cn/pdf2word/,qualcomm,2026-02-02
ksbao,考试宝典 (KSBAO),application,,education,广西英腾教育科技股份有限公司,yes,emulation,3.6,https://www.ksbao.com/downClient,qualcomm,2026-01-28
imagemaster,图叫兽 (ImageMaster),application,,prod,江下信息科技（惠州）有限公司,yes,emulation,3.2.5.0,https://www.callmysoft.com/tujiaoshou,qualcomm,2026-01-28
giflightninggifmaker,闪电GIF制作软件 (Lightning GIF Maker),application,,entertainment,江下信息科技（惠州）有限公司,yes,emulation,7.4.5.0,https://www.callmysoft.com/gifzhizuo,qualcomm,2026-01-28
pdfbeikepdfreader,贝壳PDF阅读器 (Beike PDF Reader),application,,prod,深圳市重诚知随科技有限公司,yes,emulation,6.1.1.3,https://kfollow.com/,qualcomm,2026-01-28
pdfjinzhoupdfeditor,金舟PDF编辑器 (Jinzhou PDF Editor),application,,prod,江下信息科技（惠州）有限公司,yes,emulation,4.1.1.0,https://www.callmysoft.com/pdfbianji,qualcomm,2026-01-28
xiguacity,西瓜创客 (Xigua City),application,,education,成都娄外科技有限公司,yes,emulation,2.0.17,https://m.xiguacity.cn/gutenberg/xigua-pc-client/update/%E8%A5%BF%E7%93%9C%E5%88%9B%E5%AE%A2%20Setup%202.0.17.exe,qualcomm,2026-01-27
tomatolist,番茄·人生待办事项软件 (Tomato List),application,,prod,周汇文,yes,emulation,1.8.10.082,https://www.tomatolist.com/download.html,qualcomm,2026-01-27
xunjieebookconverter,迅捷电子书转换器 (Xunjie Ebook Converter),application,,prod,"上海互盾信息科技有限公司 (Shanghai Hudun Information Technology Co., Ltd.)",yes,emulation,1.3.0.0,https://www.xunjiepdf.com/ebook,qualcomm,2026-04-16
catpawmeituancatpaw,美团CatPaw (MeiTuan CatPaw),application,,ai-tool,美团 (Meituan),yes,emulation,1.101.0,https://catpaw.meituan.com/download,qualcomm,2026-05-06
minimaxagent,MiniMax Agent,application,,ai-tool,上海稀宇科技有限公司 (MiniMax),yes,native,3.0.3,https://agent.minimaxi.com/download,qualcomm,2026-01-27
alibabacloudclient,阿里云客户端 (Alibaba Cloud Client),application,,web-social,"阿里云计算有限公司 (Alibaba Cloud Computing Co., Ltd.)",yes,emulation,2.3.0,https://help.aliyun.com/zh/ecs/user-guide/overview-of-alibaba-cloud-client,qualcomm,2026-05-06
tencentcloud,腾讯云 (Tencent Cloud),application,,web-social,腾讯 (Tencent),yes,emulation,2.12.2,https://www.tencentcloud.com/zh/document/product/436/32565?!editLang=zh,qualcomm,2026-02-05
magicaltoolbox,奇妙工具箱 (Magical Toolbox),application,,prod,Magicalstory,yes,native,0.0.2,https://www.magicalapk.com/toolbox,qualcomm,2026-03-25
pocketpreciousmetals,口袋贵金属 (Pocket Precious Metals),application,,personalfin,南京金贝网络科技有限公司,yes,emulation,3.7.7,https://www.gkoudai.com/download.html,qualcomm,2026-03-25
tabbittabbitbrowser,Tabbit浏览器 (Tabbit Browser),application,,web-social,The Tabbit Authors,yes,emulation,0.24.16.0,https://www.tabbit-ai.com/,qualcomm,2026-03-25
workbuddytencentworkbuddy,腾讯Workbuddy (Tencent Workbuddy),application,,ai-tool,腾讯 (Tencent),yes,emulation,4.22.10,https://copilot.tencent.com/work/,qualcomm,2026-05-12
jinpaityping,金牌打字通-专业打字练习软件 (JinPai Typing),application,,prod,海南聚火科技有限公司,yes,emulation,1.0.3,https://lestore.lenovo.com/detail/L120660,qualcomm,2026-03-24
zuhaowan,租号玩 (Zuhaowan),application,,entertainment,安徽省刀锋网络科技有限公司,yes,emulation,5.17.260320.1,https://lestore.lenovo.com/detail/L101990,qualcomm,2026-03-24
qoderwork,QoderWork,application,,ai-tool,阿里巴巴 (Alibaba),yes,emulation,0.2.4,https://qoder.com/zh/qoderwork,qualcomm,2026-03-24
coze,扣子 (Coze),application,,ai-tool,字节跳动有限公司 (ByteDance Ltd.),yes,emulation,0.0.1,https://www.coze.cn/overview,qualcomm,2026-04-22
qclaw,Qclaw,application,,ai-tool,腾讯 (Tencent),yes,emulation,0.1.18,https://qclaw.qq.com,qualcomm,2026-03-26
autofta,AutoFTA,application,,prod,AutoFTA,yes,emulation,4.3.1,https://lestore.lenovo.com/detail/L105229,qualcomm,2026-04-01
biubiubiubiugamebooster,biubiu加速器 (biubiu-Game booster),application,,prod,广州宁静海信息科技有限公司,yes,emulation,4.0.28.0,https://www.biubiu001.com/?lang=zh-CN,qualcomm,2026-04-01
deepsurf,DeepSurf,application,,web-social,成都多嘉裕网络科技有限公司,yes,emulation,128.2.6541.32,https://www.deepsurf.net/,qualcomm,2026-04-01
feleeo,Feleeo,application,,creative,陕西摘摘乐网络技术有限公司,yes,emulation,4.3.3.134,https://www.feleeo.com/#/homepage,qualcomm,2026-04-02
filefort,FileFort,application,,prod,天津立方星球文化传媒有限公司,yes,emulation,1.1026.1140.203,https://filefort.lifangxingqiu.cn/,qualcomm,2026-04-02
flclashficlash,FlClash (FIClash),application,,it-tools-vdi,chen08209,yes,emulation,0.8.92.202,https://github.com/chen08209/FlClash/releases,qualcomm,2026-05-07
listary,Listary,application,,it-tools-vdi,Bopsoft,yes,emulation,6.3,https://www.listary.com/,qualcomm,2026-04-02
mindlinemindlinemindmap,MindLine思维导图 (MindLine Mind Map),application,,prod,深圳市小棕熊科技有限公司,yes,emulation,5.1.2,https://mindline.cn/,qualcomm,2026-04-02
picsnapx,PicSnapX,application,,it-tools-vdi,成都星汉云科科技有限公司,yes,emulation,1.6926.1075.107,https://snap.xhyktech.com/,qualcomm,2026-04-02
smartchat,SmartChat,application,,ai-tool,袁修飞,yes,emulation,1.1.2,https://github.com/yuanxiufei/SmartChat/releases/tag/v1.1.2,qualcomm,2026-04-03
uuuugamebooster,UU加速器 (UU Game Booster),application,,prod,网易 (NetEase),yes,emulation,6.1.0.568,https://uu.163.com/,qualcomm,2026-04-07
veee,Veee,application,,prod,VeeeVPN,yes,emulation,3.0.2,https://veee271.vip/download/windows,qualcomm,2026-04-07
watttoolkit,Watt Toolkit,application,,prod,软妹币玩家,yes,emulation,3.1.0,https://apps.microsoft.com/detail/9mtcfhs560ng?hl=en-US&gl=CN,qualcomm,2026-04-07
ztasker,zTasker,application,,prod,everauto,yes,emulation,2.3.8,https://www.everauto.net/,qualcomm,2026-04-08
2025bkoffice,不坑盒子2025 (BKOffice),application,,prod,不坑老师,yes,emulation,2026.01.21.01,https://www.bukenghezi.com/%E5%85%A5%E9%97%A8/2.%E4%B8%8B%E8%BD%BD%E3%80%81%E5%AE%89%E8%A3%85%E5%92%8C%E5%8D%B8%E8%BD%BD.html#%E4%B8%8B%E8%BD%BD,qualcomm,2026-04-08
yingshuncloudtradingsoftwarewh6,光大期货-赢顺云端交易软件（文华财经赢顺期货交易软件） (Yingshun Cloud Trading Software (WH6)),application,,personalfin,上海文华财经资讯股份有限公司,yes,emulation,6.8.651,https://www.ebfcn.com/main/servicecenter/downloadzone/index.shtml,qualcomm,2026-04-08
huaxisecuritiesstockoptionssystem,华西证券-股票期权投资交易系统 (Huaxi Securities Stock Options System),application,,personalfin,"华西证券股份有限公司 (Huaxi Securities Co., Ltd.)",yes,emulation,6.6.7.12,https://www.hx168.com.cn/main/zxfw/softdown/index.shtml,qualcomm,2026-04-09
wechatshopassistant,微信小店助手 (WeChat Shop Assistant),application,,prod,腾讯 (Tencent),yes,emulation,3.3.0,https://store.weixin.qq.com/download,qualcomm,2026-04-09
guotaihaitongfuyi,国泰海通富易 (Guotai Haitong Fuyi),application,,personalfin,"gtht, Inc.",yes,emulation,4.25.6.032,https://www.gtht.com/download,qualcomm,2026-04-10
playdandanplay,弹弹play (dandanplay),application,,entertainment,kaedei,yes,emulation,17.2.0,https://www.dandanplay.com/,qualcomm,2026-04-13
woaimoyu,我爱摸鱼 (Wo Ai Moyu),application,,prod,成都微极智科技有限公司,yes,emulation,1.3324.1025.912,https://moyu.fishwantg.com/,qualcomm,2026-04-14
wenxiangteachingkits,文香学堂 (Wenxiang Teaching Kits),application,,education,安徽文香科技股份有限公司 (WEONEX),yes,emulation,2.0.2,https://www.wenxiang.cn/static/staticpage.jspx?type=static&page=product-list-b,qualcomm,2026-04-14
yidalandscapingsoftware,易达园林绿化软件 (Yida Landscaping Software),application,,engineering,北京科创易达软件技术有限公司,yes,emulation,7.0.25,https://www.bjkcyd.net/,qualcomm,2026-04-17
jizhifilecompressor,极智文件瘦身 (Jizhi File Compressor),application,,prod,成都微极智科技有限公司,yes,emulation,1.4024.1025.806,http://press.fishwantg.com/,qualcomm,2026-04-15
conchorganizer,海螺整理 (Conch Organizer),application,,it-tools-vdi,成都众志兴科技有限公司,yes,emulation,2.1726.1610.311,https://www.conchdesktop.com/,qualcomm,2026-04-15
jifengsoftwarestore,疾风软件市场 (Jifeng Software Store),application,,prod,成都奇鲁科技有限公司,yes,emulation,1.2925.1135.121,"https://softxz.bjsdxd.cn/jifen.html#:%7E:text=%E6%88%91%E4%BB%AC%E8%87%B4%E5%8A%9B%E4%BA%8E%E4%B8%BA%E7%94%A8%E6%88%B7%E6%8F%90%E4%BE%9B%E4%B8%80%E4%B8%AA%E5%AE%89%E5%85%A8%E3%80%81%E4%BE%BF%E6%8D%B7%E3%80%81%E9%AB%98%E6%95%88%E7%9A%84%E8%BD%AF%E4%BB%B6%E8%8E%B7%E5%8F%96%E5%92%8C%E7%AE%A1%E7%90%86%E5%B9%B3%E5%8F%B0%E3%80%82%20%E5%9C%A8%E8%BF%99%E9%87%8C%EF%BC%8C%E7%94%A8%E6%88%B7%E5%8F%AF%E4%BB%A5%E8%BD%BB%E6%9D%BE%E6%89%BE%E5%88%B0%E6%89%80%E9%9C%80%E7%9A%84%E5%90%84%E7%B1%BB%E8%BD%AF%E4%BB%B6%EF%BC%8C%E4%BB%8E%E6%97%A5%E5%B8%B8%E5%B7%A5%E5%85%B7%E5%88%B0%E4%B8%93%E4%B8%9A%E5%BA%94%E7%94%A8%EF%BC%8C%E7%96%BE%E9%A3%8E%E8%BD%AF%E4%BB%B6%E5%95%86%E5%BA%97%E9%83%BD%E8%83%BD%E6%BB%A1%E8%B6%B3%E6%82%A8%E7%9A%84%E9%9C%80%E6%B1%82%E3%80%82%20%E8%BD%AF%E4%BB%B6%E4%B8%B0%E5%AF%8C%EF%BC%9A%E6%8B%A5%E6%9C%89%E6%B5%B7%E9%87%8F%E7%9A%84%E8%BD%AF%E4%BB%B6%E8%B5%84%E6%BA%90%EF%BC%8C%E8%A6%86%E7%9B%96%E5%90%84%E7%B1%BB%E5%BA%94%E7%94%A8%E5%9C%BA%E6%99%AF%E3%80%82,%E6%99%BA%E8%83%BD%E6%8E%A8%E8%8D%90%EF%BC%9A%E6%A0%B9%E6%8D%AE%E7%94%A8%E6%88%B7%E4%BD%BF%E7%94%A8%E4%B9%A0%E6%83%AF%E5%92%8C%E5%81%8F%E5%A5%BD%EF%BC%8C%E6%99%BA%E8%83%BD%E6%8E%A8%E8%8D%90%E5%90%88%E9%80%82%E7%9A%84%E8%BD%AF%E4%BB%B6%E3%80%82%20%E5%AE%89%E5%85%A8%E4%BF%9D%E9%9A%9C%EF%BC%9A%E6%89%80%E6%9C%89%E8%BD%AF%E4%BB%B6%E5%9D%87%E7%BB%8F%E8%BF%87%E4%B8%A5%E6%A0%BC%E5%AE%89%E5%85%A8%E6%A3%80%E6%B5%8B%EF%BC%8C%E7%A1%AE%E4%BF%9D%E7%94%A8%E6%88%B7%E4%B8%8B%E8%BD%BD%E6%97%A0%E5%BF%A7%E3%80%82%20%E4%B8%80%E9%94%AE%E5%AE%89%E8%A3%85%EF%BC%9A%E6%8F%90%E4%BE%9B%E4%B8%80%E9%94%AE%E5%AE%89%E8%A3%85%E5%8A%9F%E8%83%BD%EF%BC%8C%E7%AE%80%E5%8C%96%E8%BD%AF%E4%BB%B6%E5%AE%89%E8%A3%85%E6%B5%81%E7%A8%8B%E3%80%82",qualcomm,2026-04-16
xunyouonlinegameaccelerator,迅游加速器 (XunYou Online Game Accelerator),application,,it-tools-vdi,"四川迅游网络科技股份有限公司 (Sichuan Xunyou Network Technology Co., Ltd.)",yes,emulation,8.5.934.0,https://www.xunyou.com/product.shtml,qualcomm,2026-04-17
myguidesecuritiestongdaxintradingsoftware,麦高通达信 (Myguide Securities Tongdaxin Trading Software),application,,prod,"深圳市财富趋势科技股份有限公司 (Shenzhen Fortune Trend Technology Co., Ltd.)",yes,emulation,6.29,https://www.mgzq.com/f/news-4cf622de3986488c92360e64b1eb50a0.html,qualcomm,2026-04-17
codemaocustomizedcourse,编程猫定制课 (Codemao Customized Course),application,,education,深圳点猫科技有限公司,yes,emulation,3.6.0,https://shequ.codemao.cn/download,qualcomm,2026-04-03
agentautoclaw,智谱 Agent (AutoClaw),application,,ai-tool,"北京智谱华章科技股份有限公司 (Beijing Zhipu Huazhang Technology Co., Ltd.)",yes,emulation,0.2.26,https://autoglm.zhipuai.cn/autoclaw/,qualcomm,2026-04-15
stepclaw,阶跃龙虾 (StepClaw),application,,ai-tool,北京阶跃星辰科技有限公司 (StepFun),yes,emulation,0.3.3,https://www.stepfun.com/download,qualcomm,2026-04-15
lobsterai,有道龙虾 (LobsterAI),application,,ai-tool,"网易有道 (Youdao, Inc.)",yes,emulation,2026.3.25,https://lobsterai.youdao.com/#/download-list,qualcomm,2026-04-22
myclawmyclawwang,MyClaw (MyClaw-wang),application,,ai-tool,MyClaw Tech Inc.,yes,native,20260320.2,https://myclaw.wang,qualcomm,2026-04-22
aiyuanqiai,元气AI (Yuanqi AI),application,,ai-tool,北京灵豹智能科技有限公司,yes,emulation,1.0.2026.2.22.205.158,https://yuanqiai.net,qualcomm,2026-04-22
qwenpaw,QwenPaw,application,,ai-tool,阿里巴巴 (Alibaba),yes,emulation,1.1.3,https://qwenpaw.agentscope.io/downloads,qualcomm,2026-04-22
picoclaw,PicoClaw,application,,ai-tool,"深圳矽速科技有限公司 (Shenzhen Silicon Speed Technology Co., Ltd.)",yes,native,0.2.7,https://docs.picoclaw.io/zh-Hans/docs/installation/,qualcomm,2026-04-23
easyclaw,EasyClaw,application,,ai-tool,北京灵豹智能科技有限公司,yes,emulation,1.3.40,https://www.easyclaw.cn,qualcomm,2026-04-23
moliliclaw,Molili Claw,application,,ai-tool,杭州当贝网络科技有限公司,yes,emulation,1.1.2,https://www.molili.com.cn,qualcomm,2026-03-25
boclaw,BoClaw,application,,ai-tool,江苏博云科技股份有限公司,yes,emulation,1.2.1,https://boclaw.ai,qualcomm,2026-04-23
aiwinclaw,AI电脑管家 (WinClaw),application,,ai-tool,"万得信息技术股份有限公司 (Shanghai Wind Information Co., Ltd.)",yes,emulation,1.0.47,https://www.winclaw.cn,qualcomm,2026-04-28
360namiclaw,360安全龙虾 (namiclaw),application,,ai-tool,三六零安全科技股份有限公司 (360 Security Technology Inc.),yes,emulation,2.1.1125.64,https://claw.360.cn,qualcomm,2026-04-28
lenovovantage,Lenovo Vantage,application,,prod,联想 (Lenovo),yes,native,10.2603.12,https://apps.microsoft.com/detail/9wzdncrfj4mv?hl=zh&gl=CN,qualcomm,2026-04-28
spreadsheet,表格 (Spreadsheet),application,,prod,深圳市贝格蓝斯科技有限公司,yes,emulation,1.4.0.0,https://apps.microsoft.com/detail/9p6m9rx920ps?hl=zh&gl=CN,qualcomm,2026-04-20
360360softwarelibrary,360软件宝库 (360 Software Library),application,,prod,"北京奇虎360科技有限公司 (Beijing Qihoo 360 Technology Co., Ltd.)",yes,emulation,1.0.0.0,https://apps.microsoft.com/detail/9msnh9pgfnmz?hl=zh&gl=CN,qualcomm,2026-04-20
1secpic,1SecPic,application,,it-tools-vdi,Dreamoji,yes,emulation,2026.4.6.0,https://apps.microsoft.com/detail/9wzdncrdxfxg?hl=zh&gl=CN,qualcomm,2026-04-20
win10baidumaps,百度地图Win10 (Baidu Maps),application,,prod,百度 (Baidu),yes,emulation,1.1.1.0,https://apps.microsoft.com/detail/9nq1fznj99s8?hl=zh&gl=CN,qualcomm,2026-04-20
wallpaperlive,壁纸-动态壁纸桌面（二次元壁纸） (Wallpaper-Live),application,,it-tools-vdi,"武汉网幂科技有限公司 (Wuhan Net Power Technology Co., Ltd.)",yes,emulation,2.9.9.0,https://apps.microsoft.com/detail/9pm62v24s3wp?hl=zh&gl=CN,qualcomm,2026-04-20
typingtutor,打字通软件-趣味打字课堂 (Typing Tutor),application,,prod,江下信息科技（惠州）有限公司,yes,emulation,2.2.1,https://apps.microsoft.com/detail/9pkct5jttqmg?hl=zh&gl=CN,qualcomm,2026-04-20
dllanddirectxdllfixergameandsoftwareerrorrepair,电脑异常修复 - DLL & DirectX修复工具 (DLL Fixer - Game & Software Error Repair),application,,it-tools-vdi,武汉优思干科技有限公司,yes,emulation,4.5.1.0,https://apps.microsoft.com/detail/9pkff4rhcpsb?hl=zh&gl=CN,qualcomm,2026-04-20
360360cleaner,360清理大师 (360 Cleaner),application,,prod,"北京奇虎360科技有限公司 (Beijing Qihoo 360 Technology Co., Ltd.)",yes,emulation,1.1.4.0,https://apps.microsoft.com/detail/9nzqbr102d1f?hl=zh&gl=CN,qualcomm,2026-04-21
pptpptplusaipptpptsupermarket,PPT 超级市场 - PPT 模板+AI 生成 PPT (PPT Supermarket),application,,prod,JP Liu,yes,emulation,1.3.190.0,https://apps.microsoft.com/detail/9nsdkhbcmkng?hl=zh&gl=CN,qualcomm,2026-04-21
clocktool,时钟工具 (Clock Tool),application,,it-tools-vdi,时光未苒,yes,native,3.0.0.0,https://apps.microsoft.com/detail/9n755mbm9hrc?hl=zh&gl=CN,qualcomm,2026-04-21
zipzipextractor,zip解压：解压软件 (ZIP Extractor),application,,it-tools-vdi,上海瑢芮科技有限公司,yes,emulation,2.1.3.0,https://apps.microsoft.com/detail/9nll402mdc96?hl=zh&gl=CN,qualcomm,2026-04-21
andautoclickerautomouseclickerandfastclicking,自动连点器 - 鼠标连点器 & 快速点击 (Auto Clicker - Auto Mouse Clicker & Fast Clicking),application,,it-tools-vdi,武汉优思干科技有限公司,yes,emulation,2.1.5.0,https://apps.microsoft.com/detail/9nc17j8mpl73?hl=zh&gl=CN,qualcomm,2026-04-21
airmirroringairmirroringscreenmirroringandcast,AirMirroring - 屏幕镜像和投屏工具 (AirMirroring - Screen Mirroring & Cast),application,,it-tools-vdi,成都增强视图科技有限公司,yes,emulation,1.3.4.0,https://apps.microsoft.com/detail/9p2k9g20swz6?hl=zh&gl=CN,qualcomm,2026-04-21
photoretouchpphotoretouch,"Photo Retouch,消除笔及p图修图软件,神奇橡皮擦 (Photo Retouch)",application,,prod,深圳市贝格蓝斯科技有限公司,yes,emulation,1.0.2.0,https://apps.microsoft.com/detail/9mtsm4v1l6dh?hl=zh&gl=CN,qualcomm,2026-04-21
uwpkuwomusicuwp,酷我音乐UWP (Kuwo Music UWP),application,,entertainment,天津酷我科技有限公司,yes,emulation,3.1.17.0,https://apps.microsoft.com/detail/9nblggh4ngc4?hl=zh&gl=CN,qualcomm,2026-04-21
kredkredplayer,KRed 播放器 (KRed Player),application,,entertainment,"南京金合捷网络科技有限公司 (Nanjing Kingjet Network Co., Ltd.)",yes,emulation,1.1.0.0,https://apps.microsoft.com/detail/9nshcvrbc7qd?hl=zh&gl=CN,qualcomm,2026-04-21
bbilibilivideodownloader,b站视频下载器 (Bilibili Video Downloader),application,,prod,亚心,yes,emulation,0.0.61.0,https://apps.microsoft.com/detail/9pb8tvzzl5t0?hl=zh&gl=CN,qualcomm,2026-04-21
vivetoolvivetoolgui,ViVeTool 图形界面 (ViVeTool GUI),application,,it-tools-vdi,惜忆想睡觉,yes,native,1.1.0.0,https://apps.microsoft.com/detail/9p1bw5wb82mh?hl=zh&gl=CN,qualcomm,2026-04-22
rarrarcompression,解压软件 - rar解压 (RAR Compression),application,,it-tools-vdi,上海瑢芮科技有限公司,yes,emulation,1.0.4.0,https://apps.microsoft.com/detail/9pm5r49v61ww?hl=zh&gl=CN,qualcomm,2026-04-22
pptpptppttemplategallery,PPT 模板大全 - 免费PPT模板 (PPT Template Gallery),application,,prod,JP Liu,yes,emulation,1.10.32.0,https://apps.microsoft.com/detail/9n25f3vw3vmm?hl=zh&gl=CN,qualcomm,2026-04-22
recorderones,录音机 (Recorder Ones),application,,prod,Cai Junhong,yes,emulation,2.2.1.0,https://apps.microsoft.com/detail/9nblggh65v5j?hl=zh&gl=CN,qualcomm,2026-04-22
openfiles,OpenFiles,application,,prod,梁文森,yes,native,2.2604.1512.0,https://apps.microsoft.com/detail/9n34z0hxdtgk?hl=zh&gl=CN,qualcomm,2026-04-22
tbtools,TBtools,application,,prod,陈程杰,yes,emulation,2.3.3.0,https://apps.microsoft.com/detail/9nvr9lb426p2?hl=zh&gl=CN,qualcomm,2026-04-29
pdfquiknotewhiteboard,速写白板 - 手写笔记和PDF标注 (QuikNote Whiteboard),application,,prod,Hao Cai,yes,native,2.5.10.0,https://apps.microsoft.com/detail/9p7w59rsqhpb?hl=zh&gl=CN,qualcomm,2026-04-22
aqaqrecorder,AQ录制 (AQ Recorder),application,,prod,AQ录制开发者,yes,emulation,1.7.6.0,https://apps.microsoft.com/detail/9p237l31fklx?hl=zh&gl=CN,qualcomm,2026-04-23
stickynotetile,磁贴便签 (Sticky Note Tile),application,,it-tools-vdi,WP8HUB,yes,native,3.1.10.0,https://apps.microsoft.com/detail/9wzdncrdntlt?hl=zh&gl=CN,qualcomm,2026-04-22
mygraphictools,图文工具箱桌面版 (MyGraphicTools),application,,it-tools-vdi,Jiongjiong Lu,yes,emulation,1.0.2.0,https://apps.microsoft.com/detail/9nh0r99p2jgv?hl=zh&gl=CN,qualcomm,2026-04-23
zipandrarunizipzipandrarextract,解压 - Zip & RAR 解压缩 (Unizip - Zip &  RAR Extract),application,,it-tools-vdi,武汉优思干科技有限公司,yes,emulation,8.4.9.0,https://apps.microsoft.com/detail/9pbsj8182nb6?hl=zh&gl=CN,qualcomm,2026-04-23
dianshijia,电视家 - 网络电视大全 (Dianshijia),application,,entertainment,斗牛士,yes,emulation,2.2026.529.0,https://apps.microsoft.com/detail/9nmk3s0q8mkr?hl=zh&gl=CN,qualcomm,2026-04-23
kredkredrename,KRed批量文件重命名 (KRed Rename),application,,it-tools-vdi,"南京金合捷网络科技有限公司 (Nanjing Kingjet Network Co., Ltd.)",yes,emulation,1.1.0.0,https://apps.microsoft.com/detail/9pdcr7g9b7xb?hl=zh&gl=CN,qualcomm,2026-04-23
andscreenrecorderscreenrecordandscreencapture,录屏软件 - 电脑录屏 & 屏幕录制 (Screen recorder - Screen record & Screen capture),application,,it-tools-vdi,"武汉网幂科技有限公司 (Wuhan Net Power Technology Co., Ltd.)",yes,emulation,6.2.5.0,https://apps.microsoft.com/detail/9pjmtj0wtctz?hl=zh&gl=CN,qualcomm,2026-04-23
formatconverter,格式转换 (Format Converter),application,,it-tools-vdi,兆邦中国,yes,native,1.4.3.0,https://apps.microsoft.com/detail/9ndjv6k3g2tj?hl=zh&gl=CN,qualcomm,2026-04-24
tvfuyintv,福音TV (FuyinTV),application,,entertainment,上海颂赞网络科技有限公司,yes,emulation,1.3.0.0,https://apps.microsoft.com/detail/9ncdvh3lm1dm?hl=zh&gl=CN,qualcomm,2026-04-24
drawingboard,图画板 (Drawing Board),application,,it-tools-vdi,冻结,yes,emulation,1.1.3.0,https://apps.microsoft.com/detail/9nblggh4wbtm?hl=zh&gl=CN,qualcomm,2026-04-24
bleaudio,BleAudio,application,,entertainment,今夏,yes,emulation,1.0.4.0,https://apps.microsoft.com/detail/9npg92z56l9b?hl=zh&gl=CN,qualcomm,2026-04-24
flyreader,越飞阅读 (Fly Reader),application,,prod,殷越,yes,native,1.5.49.0,https://apps.microsoft.com/detail/9nblggh1xvd2?hl=zh&gl=CN,qualcomm,2026-04-24
huaxiacalendar,华夏万年历 (Huaxia Calendar),application,,it-tools-vdi,刘璇彤,yes,emulation,2.2.6,https://apps.microsoft.com/detail/9wzdncrdj36c?hl=zh&gl=CN,qualcomm,2026-04-24
5151recorder,51录屏 (51 Recorder),application,,it-tools-vdi,北京实速科技有限公司,yes,emulation,9.10.1.0,https://apps.microsoft.com/detail/9nclvf47plcb?hl=zh&gl=CN,qualcomm,2026-04-27
wallpaperplay2,灵动桌面 (Wallpaper Play),application,,it-tools-vdi,QuDong,yes,emulation,1.1.1.0,https://apps.microsoft.com/detail/9pnm6rh9bbxv?hl=zh&gl=CN,qualcomm,2026-04-27
223322and33sroundtheworldtrip,22与33的环球旅行 (22 & 33`s Round-the world Trip),application,,entertainment,未来代码研究所,yes,native,3.4.9.0,https://apps.microsoft.com/detail/9mtxqqcc8fss?hl=zh&gl=CN,qualcomm,2026-04-27
screenrecorderfreerecordscreen,电脑录屏 - 录屏软件 (Screen Recorder - Free Record Screen),application,,it-tools-vdi,上海瑢芮科技有限公司,yes,emulation,1.1.0.0,https://apps.microsoft.com/detail/9p1309j34fqv?hl=zh&gl=CN,qualcomm,2026-04-27
drivingtesthelper,驾考通-驾考题库宝典 (Driving Test Helper),application,,prod,aidoudxr,yes,emulation,1.0.0.0,https://apps.microsoft.com/detail/9nsrrd7w9gzv?hl=zh&gl=CN,qualcomm,2026-04-27
themestore,主题商店 (Theme Store),application,,it-tools-vdi,chengcong,yes,emulation,2.2.0.0,https://apps.microsoft.com/detail/9n6lv70qbbss?hl=zh&gl=CN,qualcomm,2026-04-27
widgethub,桌面组件 (Widget Hub),application,,it-tools-vdi,符伟成,yes,emulation,26.4.3.0,https://apps.microsoft.com/detail/9npr50gq7t53?hl=zh&gl=CN,qualcomm,2026-04-27
auraaurawallpaper,AURA 壁纸 (AURA Wallpaper),application,,it-tools-vdi,by-syk,yes,native,25.8.1647.0,https://apps.microsoft.com/detail/9p2xffd9fjc5?hl=zh&gl=CN,qualcomm,2026-04-27
dllanddirectdllrepairtoolanddirectrepair,DLL修复工具&Direct 修复 (DLL Repair Tool &Direct Repair),application,,it-tools-vdi,"武汉网幂科技有限公司 (Wuhan Net Power Technology Co., Ltd.)",yes,emulation,4.5.13.0,https://apps.microsoft.com/detail/9nzwlgkdcfgw?hl=zh&gl=CN,qualcomm,2026-04-27
splayeronebrowserforallmedia,射手影音 - 智能视频浏览器 (SPlayer - One Browser for All Media),application,,entertainment,SHENG SHEN,yes,emulation,4.7.3.0,https://apps.microsoft.com/detail/9p385s0s69h7?hl=zh&gl=CN,qualcomm,2026-04-28
windowsautotheme,系统自动主题 (Windows AutoTheme),application,,it-tools-vdi,南京图漾科技有限公司,yes,emulation,1.6.0,https://apps.microsoft.com/detail/9n7nd584tdv1?hl=zh&gl=CN,qualcomm,2026-04-28
yibeiwordlearning,易呗背单词 (Yibei Word Learning),application,,education,Yibei Inc.,yes,native,3.1.5.1,https://apps.microsoft.com/detail/9wzdncrdrp3c?hl=zh&gl=CN,qualcomm,2026-04-28
dismdismgui,Dism 图形界面 (Dism GUI),application,,it-tools-vdi,惜忆想睡觉,yes,native,1.0.0.0,https://apps.microsoft.com/detail/9p90zdp3f501?hl=zh&gl=CN,qualcomm,2026-04-29
easycast,易投屏 (EasyCast),application,,it-tools-vdi,Hao Cai,yes,native,1.8.0.0,https://apps.microsoft.com/detail/9p8bh9smxqmc?hl=zh&gl=CN,qualcomm,2026-04-29
andautokeyautoclickerandkeycomboauto,键盘连发助手 - 鼠标连点 & 组合键连发 (AutoKey - Auto Clicker & Key Combo Auto),application,,it-tools-vdi,武汉优思干科技有限公司,yes,emulation,2.1.7.0,https://apps.microsoft.com/detail/9pb4g7nxnd1p?hl=zh&gl=CN,qualcomm,2026-04-29
neteasenews,网易新闻 (NetEase News),application,,entertainment,网之易信息技术（北京）有限公司,yes,emulation,3.0.1,https://apps.microsoft.com/detail/9wzdncrfhvzj?hl=zh&gl=CN,qualcomm,2026-04-29
stickynotes,浅易便签 (StickyNotes),application,,it-tools-vdi,"Zhang, Yin",yes,emulation,1.0.2.0,https://apps.microsoft.com/detail/9p8n5d0f7tc5?hl=zh&gl=CN,qualcomm,2026-04-29
edgetts,EdgeTTS,application,,it-tools-vdi,IceSky,yes,emulation,1.0.3.0,https://apps.microsoft.com/detail/9ndrp25rm7q3?hl=zh&gl=CN,qualcomm,2026-04-29
txtediterwin10,TXT Editer (win10),application,,it-tools-vdi,Shuolin Wei,yes,emulation,1.1.8.0,https://apps.microsoft.com/detail/9pgc4fh2lb6x?hl=zh&gl=CN,qualcomm,2026-04-29
uwpdailywallpaperuwp,每日壁纸UWP (Daily Wallpaper UWP),application,,it-tools-vdi,"YEONHO ELECTRONICS CO., LTD.",yes,emulation,2.7.9.0,https://apps.microsoft.com/detail/9mzrgv880v9n?hl=zh&gl=CN,qualcomm,2026-04-29
exueshi,易学仕在线学习版 (Exueshi),application,,education,重庆易学仕教育科技有限公司,yes,emulation,1.0.6.0,https://apps.microsoft.com/detail/9phkmfd3wrkp?hl=zh&gl=CN,qualcomm,2026-04-28
uwptiantiantvliveuwp,天天电视直播UWP (Tiantian TV Live UWP),application,,entertainment,jaylosy,yes,native,1.0.15.0,https://apps.microsoft.com/detail/9n9qqr7z6flg?hl=zh&gl=CN,qualcomm,2026-04-28
retouchphoto,修图 (Retouch Photo),application,,creative,淹死的鱼ysdy44,yes,emulation,1.1.23.0,https://apps.microsoft.com/detail/9n2svf2769gh?hl=zh&gl=CN,qualcomm,2026-04-28
timelyshutdownassistant,定时关机助手 (Timely Shutdown Assistant),application,,it-tools-vdi,极简工具箱,yes,emulation,0.1.0.0,https://apps.microsoft.com/detail/9ns82r5066jp?hl=zh&gl=CN,qualcomm,2026-04-28
microsoftstoresarasagothic,更纱黑体 Microsoft Store 版 (Sarasa Gothic),application,,it-tools-vdi,桃又 (taoyouh),yes,native,1.0.19.0,https://apps.microsoft.com/detail/9mw0m424ncz7?hl=zh&gl=CN,qualcomm,2026-04-28
aisparkaisubtitle,星火AI字幕 - 一键生成精准视频字幕 (Spark AI Subtitle),application,,it-tools-vdi,大连听潮网络科技有限公司,yes,emulation,2.3.5.0,https://apps.microsoft.com/detail/9n9967z81hnz?hl=zh&gl=CN,qualcomm,2026-04-28
hao123hao123navigation,hao123上网导航 (hao123 Navigation),application,,it-tools-vdi,百度 (Baidu),yes,emulation,1.1.9.0,https://apps.microsoft.com/detail/9pnndfd5zr3x?hl=zh&gl=CN,qualcomm,2026-04-27
gitpack,GitPack,application,,it-tools-vdi,ZhouCheng,yes,emulation,0.2.1.0,https://apps.microsoft.com/detail/9mvxm8b9ljz1?hl=zh&gl=CN,qualcomm,2026-04-27
perpetualcalendar,万年历 - 农历黄历中国日历节气查询 (Perpetual Calendar),application,,it-tools-vdi,上海瑢芮科技有限公司,yes,emulation,1.0.2.0,https://apps.microsoft.com/detail/9mtcz4rrq889?hl=zh&gl=CN,qualcomm,2026-04-27
dailywallpaperpicks,每日壁纸精选 (Daily Wallpaper Picks),application,,it-tools-vdi,刘白菜,yes,emulation,1.0.8.0,https://apps.microsoft.com/detail/9nblggh67tjk?hl=zh&gl=CN,qualcomm,2026-04-27
cet4vocabulary,四级词汇 (CET-4 Vocabulary),application,,education,cl@fd,yes,emulation,2.0.0.1,https://apps.microsoft.com/detail/9wzdncrdfhbx?hl=zh&gl=CN,qualcomm,2026-04-27
musiver,音流 (Musiver),application,,entertainment,Zheng bo,yes,emulation,1.3.9.0,https://apps.microsoft.com/detail/9ng5zw78qc1s?hl=zh&gl=CN,qualcomm,2026-04-27
norkmwidget,极序 (NorkmWidget),application,,it-tools-vdi,广州诺科迈信息技术有限责任公司,yes,emulation,4.6.0.0,https://apps.microsoft.com/detail/9plxrs38l93v?hl=zh&gl=CN,qualcomm,2026-04-27
smartmirrorreceiverwirelessmirrorandcasttopc,SmartMirrorReceiver - Wireless Mirror & Cast to PC,application,,prod,成都增强视图科技有限公司,yes,emulation,1.0.3,https://apps.microsoft.com/detail/9nzhs93fj0sh?hl=zh&gl=CN,qualcomm,2026-04-27
potpotsuperplayerallinonedecodingultrahd,Pot超级播放器·全能解码超高清 (Pot Super Player - All-in-One Decoding Ultra HD),application,,entertainment,珠海市莫停之科技有限公司,yes,emulation,6026.04.16.013,https://lestore.lenovo.com/detail/L120353?origin=pcstore_copylinks,qualcomm,2026-05-07
sunwoosunwooaudioconverter,sunwoo音频格式转换器（标准版） (Sunwoo Audio Converter),application,,it-tools-vdi,寻乌洋葱科技有限公司,yes,emulation,1.5.2,https://lestore.lenovo.com/detail/L119262?origin=pcstore_copylinks,qualcomm,2026-05-08
zijia,字加 (Zi Jia),application,,prod,北京北大方正电子有限公司,yes,emulation,0.9.9.48,https://www.zijia.com.cn/zijia.html,qualcomm,2026-05-11
easicapsule,知识胶囊 (EasiCapsule),application,,prod,广州视睿电子科技有限公司 (Guangzhou Shirui Electronic Technology Company Limited),yes,emulation,2.8.4.990,https://capsule.seewo.com/v2/download/index.html,qualcomm,2026-05-11
neteasebaomihua,网易爆米花 (NetEase Baomihua),application,,entertainment,网易 (NetEase),yes,emulation,0.24.1,https://bmh.163.com/,qualcomm,2026-05-13
youxiaocalendar,优效日历 (Youxiao Calendar),application,,it-tools-vdi,东莞市优效网络科技有限公司,yes,emulation,2.6.5.11,https://www.youxiao.cn/#downloads,qualcomm,2026-05-12
acdseeacdseeofficalfree,ACDSee 官方免费版 (ACDSee Offical Free),application,,prod,ACD Systems International Inc.,yes,emulation,2.12.0.344,https://www.acdsee.cn/products/acdsee-official-free,qualcomm,2026-05-12
downkyi,哔哩下载姬 (DownKyi),application,,it-tools-vdi,leiurayer,yes,emulation,1.5.2,https://lestore.lenovo.com/detail/L105898,qualcomm,2026-05-13
emailassistant,邮箱助手 (Email Assistant),application,,prod,腾讯 (Tencent),yes,emulation,0.9.6,https://lestore.lenovo.com/detail/L106657,qualcomm,2026-05-13
uninstalleruninstallerwizard,Uninstaller卸载精灵 (Uninstaller Wizard),application,,it-tools-vdi,成都艾上办公科技有限公司,yes,emulation,3.3.1.1,https://lestore.lenovo.com/detail/L118666,qualcomm,2026-05-14
mp3convertcatmp3converter,转换猫MP3转换器 (ConvertCat MP3 Converter),application,,it-tools-vdi,天门蔚蓝网络科技有限公司,yes,emulation,1.1.0.0,https://apps.microsoft.com/detail/xp8jgvcbnl01hd?hl=zh-CN&gl=CN,qualcomm,2026-05-14
daziya,打字鸭 (Daziya),application,,prod,北京灵动无线网络科技有限公司,yes,emulation,1.0.9,https://daziya.com/download/?v=1.2.3,qualcomm,2026-05-14
easirecorder,轻录播 (EasiRecorder),application,,prod,广州视睿电子科技有限公司 (Guangzhou Shirui Electronic Technology Company Limited),yes,emulation,1.1.0.694,https://lestore.lenovo.com/detail/L100892?origin=pcstore_copylinks,qualcomm,2026-05-14
hanma,汉码 (Hanma),application,,prod,厦门汉印股份有限公司 (Hanin),yes,emulation,1.04.08.03,https://hm.hprt.com/download/,qualcomm,2026-05-14
lusunteleprompter,芦笋提词器 (Lusun Teleprompter),application,,prod,北京原则科技有限公司,yes,emulation,6.2.0,https://tcq.lusun.com/,qualcomm,2026-05-14
qinghoubrowser,青猴浏览器 (Qinghou Browser),application,,prod,厦门源时空科技有限公司,yes,emulation,103.1.0.119,https://qinghou.cn/,qualcomm,2026-05-14
xunjieoneclickrecorder,一键录音 (Xunjie One-Click Recorder),application,,prod,"上海互盾信息科技有限公司 (Shanghai Hudun Information Technology Co., Ltd.)",yes,emulation,1.6.2.0,https://www.xunjieshipin.com/yijianluyin,qualcomm,2026-05-14
mathtypemathtypedownloader,MathType安装助手 (MathType Downloader),application,,prod,苏州麦软网络有限公司,yes,emulation,3.0,https://lestore.lenovo.com/detail/L120344?origin=pcstore_copylinks,qualcomm,2026-05-15
aibaidunetdiskaiphoto,百度网盘AI修图 (Baidu Netdisk AI Photo),application,,prod,百度 (Baidu),yes,emulation,3.13.2,https://pan.baidu.com/aiphoto/download,qualcomm,2026-05-15
paperwall,叠桌面 (PAPERWALL),application,,it-tools-vdi,上海叠纸互娱网络科技有限公司,yes,emulation,1.0.2,https://paperwall.papegames.com/,qualcomm,2026-05-18
pdfjisufreepdfreaderandconverter,极速免费PDF阅读转换器 (Jisu Free PDF Reader & Converter),application,,it-tools-vdi,成都艾上办公科技有限公司,yes,emulation,3.0.0.2,https://lestore.lenovo.com/detail/L120181?origin=pcstore_copylinks,qualcomm,2026-05-18
hdhdimageviewer,HD图片查看器 (HD Image Viewer),application,,prod,HDPicture Viewer,yes,emulation,1.2.0.22,https://lestore.lenovo.com/detail/L109214?origin=pcstore_copylinks,qualcomm,2026-05-18
acdseeacdseephotostudiohome,ACDSee 图影工坊 家庭版 (ACDSee Photo Studio Home),application,,prod,ACD Systems International Inc.,yes,emulation,29.1.0.347,https://www.acdsee.cn/download,qualcomm,2026-05-18
cotaphotoprocessingtool,中国人事考试网-照片处理工具 (COTA Photo Processing Tool),application,,it-tools-vdi,人力资源和社会保障部人事考试中心,yes,emulation,2.0.202,http://www.cpta.com.cn/tooldown.html,qualcomm,2026-05-18
aiaidesktopbrowser,AI桌面浏览器 (AI Desktop Browser),application,,prod,重庆快美研科技有限公司,yes,emulation,1.2.26.170,https://www.hoyodo.com/browser/,qualcomm,2026-05-19
hardwaredog,硬件狗狗 (Hardware Dog),application,,prod,驱动之家,yes,emulation,3.3.26.206,https://yjgg.mydrivers.com/,qualcomm,2026-05-20
screenshotmaster,截图大师 (Screenshot Master),application,,it-tools-vdi,"武汉网幂科技有限公司 (Wuhan Net Power Technology Co., Ltd.)",yes,emulation,5.8.3.0,https://lestore.lenovo.com/detail/L100652?origin=pcstore_copylinks,qualcomm,2026-05-20
cicoenote,享做笔记-闪卡思维导图 (CicoeNote),application,,prod,广东新空电子科技股份有限公司,yes,emulation,6.3.5,https://lestore.lenovo.com/detail/L117318,qualcomm,2026-05-20
xiaoqiangreader,小强小说阅读器 (Xiaoqiang Reader),application,,prod,小强小分队,yes,emulation,6.30.0.127,http://www.xiaoq8.com/,qualcomm,2026-05-21
centbrowser,百分浏览器 (Cent Browser),application,,prod,Cent Studio,yes,emulation,5.2.1168.83,https://www.centbrowser.cn/,qualcomm,2026-05-21
zhimacompression,芝麻压缩 免费解压缩软件 (Zhima Compression),application,,ai-tool,深圳市芝麻软件有限公司,yes,emulation,1.0.0.2,https://zhimazip.zhimasoft.cn/,qualcomm,2026-05-21
360360recorder,360录屏 (360 Recorder),application,,prod,三六零安全科技股份有限公司 (360 Security Technology Inc.),yes,emulation,1.0.0.124,https://aiwork.360.cn/luping_sem.html?channel=binglp100041&aivip_extjson=%7B%22360ocpc%22%3A%20%7B%22mscid%22%3A%22254148827%22%2C%22msclkid%22%3A%20%223c38928d461119afad87f883fc560736%22%2C%22keywordid%22%3A%20%2276828894292766%22%2C%22creativeid%22%3A%20%2276828596766603%22%2C%22groupid%22%3A%221229255290471108%22%2C%22planid%22%3A%22486202250%22%2C%22cia%22%3A%22CCCC%22%2C%22query%22%3A%22360%E5%BD%95%E5%B1%8F%E2%80%98%E3%80%81%22%2C%22mscvsnameactive%22%3A%22register_suda%22%2C%22mscvsnamepay%22%3A%22pay_suda%22%2C%22mscvsnamedaikou%22%3A%22daikou_suda%22%7D%2C%22pcsem%22%3A%7B%22medium%22%3A%22bing%22%7D%7D&msclkid=3c38928d461119afad87f883fc560736,qualcomm,2026-05-21
scratchaiaiscratch,ScratchAI编程（少儿版） (AIScratch),application,,education,广州造童学科技有限公司,yes,emulation,0.1.2,https://www.ai-scratch.cn/client-download.html,qualcomm,2026-05-21
3done3done,3DOne家庭版 (3DOne),application,,engineering,"广州中望龙腾软件股份有限公司 (ZWSOFT CO., LTD.)",yes,emulation,6.0.18.072,https://lestore.lenovo.com/detail/L114034?origin=pcstore_copylinks,qualcomm,2026-05-21
temperaturemonitor,温度监测 (Temperature Monitor),application,,prod,深圳市驱动人生科技股份有限公司,yes,emulation,1.0.21.48,https://lestore.lenovo.com/detail/22144?origin=pcstore_copylinks,qualcomm,2026-05-21
bimuyuenglishessaywriter,笔目鱼英文论文写作器 (Bimuyu English Essay Writer),application,,education,见鲸科技（南京）有限公司,yes,emulation,2.0.9.0,https://www.bmysci.com/,qualcomm,2026-05-22
tuguaishou,图怪兽 (Tuguaishou),application,,creative,上海遇图网络科技有限公司,yes,emulation,4.1.6.0,https://818ps.com/recommend?origin=nav,qualcomm,2026-05-22
athomeviewerclient,掌上看家（观看端） (AtHome (Viewer Client)),application,,prod,南京云恩通讯科技有限公司 (iChano Incorporation),yes,emulation,5.2.7,https://www.ichano.cn/download.html,qualcomm,2026-05-22
dazixia,打字侠 (Dazixia),application,,prod,广州随心软件有限公司 (suixinsoft),yes,emulation,3.4.0,https://www.hellotyping.com/download,qualcomm,2026-05-22
audioformatconverterstandardversion,音频格式转换器（标准版） (Audio Format Converter (Standard Version)),application,,it-tools-vdi,"武汉网幂科技有限公司 (Wuhan Net Power Technology Co., Ltd.)",yes,emulation,2.1.3.0,https://lestore.lenovo.com/detail/L101005?origin=pcstore_copylinks,qualcomm,2026-05-25
wordmomowordmomo,WordMomo桌面背单词 (WordMomo),application,,education,东莞市恩棋科技有限公司,yes,emulation,1.3.1,https://www.wordmomo.cn/doc/download.html,qualcomm,2026-05-25
moyureader,墨鱼阅读 (Moyu Reader),application,,prod,鱼墨软件,yes,emulation,1.2.8,https://lestore.lenovo.com/detail/L120520?origin=pcstore_copylinks,qualcomm,2026-05-25
cmozhencdrivecleaner,磨针c盘清理 (Mozhen C Drive Cleaner),application,,it-tools-vdi,四川磨针科技有限责任公司,yes,emulation,3.2.8,https://tools.nwumba.cn/%E5%B7%A5%E5%85%B7%E8%BD%AF%E4%BB%B6/c-drive/,qualcomm,2026-05-26
huoronguninstaller,火绒强力卸载 (Huorong Uninstaller),application,,prod,北京火绒网络科技有限公司 (Huorong),yes,emulation,1.0.0.3,https://bbs.huorong.cn/thread-158630-1-1.html,qualcomm,2026-05-26
creationcan,创作罐头 (Creation Can),application,,creative,媒庐科技,yes,emulation,1.7.11,https://www.czgts.cn/,qualcomm,2026-05-26
evevsuperplayer,EV全能播放器 (EV Super Player),application,,prod,湖南一唯信息科技有限公司,yes,emulation,1.0.2,https://www.ieway.cn/evsuperplayer.html,qualcomm,2026-05-26
mengchangclock,梦畅闹钟 (Mengchang Clock),application,,prod,杭州掌读科技有限公司,yes,emulation,10.0.0.1,http://web.mengchang.net/xiazai/,qualcomm,2026-05-26
windclaw,WindClaw,application,,ai-tool,万得信息技术股份有限公司,yes,emulation,0.9.21,https://claw.wind.com.cn/,qualcomm,2026-04-29
winclawwinicssecwinclaw,威努特WinClaw (winicssec WinClaw),application,,ai-tool,北京威努特技术有限公司,yes,emulation,2.2.1,https://winclaw.winicssec.com/,qualcomm,2026-04-29
athomecollectionclient,掌上看家（采集端） (AtHome (Collection Client)),application,,prod,南京云恩通讯科技有限公司 (iChano Incorporation),yes,emulation,5.5.2,https://www.ichano.cn/download.html,qualcomm,2026-05-22
